  0
SECTION
  2
HEADER
  9
$ACADVER
  1
AC1027
  9
$ACADMAINTVER
 70
     8
  9
$DWGCODEPAGE
  3
ANSI_1252
  9
$REQUIREDVERSIONS
160
                 0
  9
$LASTSAVEDBY
  1
ezdxf
  9
$INSBASE
 10
0.0
 20
0.0
 30
0.0
  9
$EXTMIN
 10
1.000000E+20
 20
1.000000E+20
 30
1.000000E+20
  9
$EXTMAX
 10
-1.000000E+20
 20
-1.000000E+20
 30
-1.000000E+20
  9
$LIMMIN
 10
0.0
 20
0.0
  9
$LIMMAX
 10
420.0
 20
297.0
  9
$ORTHOMODE
 70
     0
  9
$REGENMODE
 70
     1
  9
$FILLMODE
 70
     1
  9
$QTEXTMODE
 70
     0
  9
$MIRRTEXT
 70
     1
  9
$LTSCALE
 40
1.0
  9
$ATTMODE
 70
     1
  9
$TEXTSIZE
 40
2.5
  9
$TRACEWID
 40
1.0
  9
$TEXTSTYLE
  7
Standard
  9
$CLAYER
  8
0
  9
$CELTYPE
  6
ByLayer
  9
$CECOLOR
 62
   256
  9
$CELTSCALE
 40
1.0
  9
$DISPSILH
 70
     0
  9
$DIMSCALE
 40
1.0
  9
$DIMASZ
 40
0.175
  9
$DIMEXO
 40
0.125
  9
$DIMDLI
 40
3.75
  9
$DIMRND
 40
0.0
  9
$DIMDLE
 40
0.0
  9
$DIMEXE
 40
0.375
  9
$DIMTP
 40
0.0
  9
$DIMTM
 40
0.0
  9
$DIMTXT
 40
0.25
  9
$DIMCEN
 40
2.5
  9
$DIMTSZ
 40
0.0
  9
$DIMTOL
 70
     0
  9
$DIMLIM
 70
     0
  9
$DIMTIH
 70
     0
  9
$DIMTOH
 70
     0
  9
$DIMSE1
 70
     0
  9
$DIMSE2
 70
     0
  9
$DIMTAD
 70
     1
  9
$DIMZIN
 70
    12
  9
$DIMBLK
  1
ARCHTICK
  9
$DIMASO
 70
     1
  9
$DIMSHO
 70
     1
  9
$DIMPOST
  1

  9
$DIMAPOST
  1

  9
$DIMALT
 70
     0
  9
$DIMALTD
 70
     3
  9
$DIMALTF
 40
0.03937
  9
$DIMLFAC
 40
100.0
  9
$DIMTOFL
 70
     1
  9
$DIMTVP
 40
0.0
  9
$DIMTIX
 70
     0
  9
$DIMSOXD
 70
     0
  9
$DIMSAH
 70
     0
  9
$DIMBLK1
  1

  9
$DIMBLK2
  1

  9
$DIMSTYLE
  2
EZ_M_50_H25_CM
  9
$DIMCLRD
 70
     0
  9
$DIMCLRE
 70
     0
  9
$DIMCLRT
 70
     0
  9
$DIMTFAC
 40
0.5
  9
$DIMGAP
 40
0.1
  9
$DIMJUST
 70
     0
  9
$DIMSD1
 70
     0
  9
$DIMSD2
 70
     0
  9
$DIMTOLJ
 70
     0
  9
$DIMTZIN
 70
     8
  9
$DIMALTZ
 70
     0
  9
$DIMALTTZ
 70
     0
  9
$DIMUPT
 70
     1
  9
$DIMDEC
 70
     2
  9
$DIMTDEC
 70
     2
  9
$DIMALTU
 70
     2
  9
$DIMALTTD
 70
     3
  9
$DIMTXSTY
  7
OpenSansCondensed-Light
  9
$DIMAUNIT
 70
     0
  9
$DIMADEC
 70
     2
  9
$DIMALTRND
 40
0.0
  9
$DIMAZIN
 70
     3
  9
$DIMDSEP
 70
    46
  9
$DIMATFIT
 70
     3
  9
$DIMFRAC
 70
     0
  9
$DIMLDRBLK
  1

  9
$DIMLUNIT
 70
     2
  9
$DIMLWD
 70
    -2
  9
$DIMLWE
 70
    -2
  9
$DIMTMOVE
 70
     2
  9
$DIMFXL
 40
1.0
  9
$DIMFXLON
 70
     0
  9
$DIMJOGANG
 40
0.785398
  9
$DIMTFILL
 70
     0
  9
$DIMTFILLCLR
 70
     0
  9
$DIMARCSYM
 70
     0
  9
$DIMLTYPE
  6

  9
$DIMLTEX1
  6

  9
$DIMLTEX2
  6

  9
$DIMTXTDIRECTION
 70
     0
  9
$LUNITS
 70
     2
  9
$LUPREC
 70
     4
  9
$SKETCHINC
 40
1.0
  9
$FILLETRAD
 40
10.0
  9
$AUNITS
 70
     0
  9
$AUPREC
 70
     2
  9
$MENU
  1
.
  9
$ELEVATION
 40
0.0
  9
$PELEVATION
 40
0.0
  9
$THICKNESS
 40
0.0
  9
$LIMCHECK
 70
     0
  9
$CHAMFERA
 40
0.0
  9
$CHAMFERB
 40
0.0
  9
$CHAMFERC
 40
0.0
  9
$CHAMFERD
 40
0.0
  9
$SKPOLY
 70
     0
  9
$TDCREATE
 40
2458532.028996887
  9
$TDUCREATE
 40
2458532.153996887
  9
$TDUPDATE
 40
2461081.929389086
  9
$TDUUPDATE
 40
2461082.054389086
  9
$TDINDWG
 40
0.0
  9
$TDUSRTIMER
 40
0.0
  9
$USRTIMER
 70
     1
  9
$ANGBASE
 50
0.0
  9
$ANGDIR
 70
     0
  9
$PDMODE
 70
     0
  9
$PDSIZE
 40
0.0
  9
$PLINEWID
 40
0.0
  9
$SPLFRAME
 70
     0
  9
$SPLINETYPE
 70
     6
  9
$SPLINESEGS
 70
     8
  9
$HANDSEED
  5
263
  9
$SURFTAB1
 70
     6
  9
$SURFTAB2
 70
     6
  9
$SURFTYPE
 70
     6
  9
$SURFU
 70
     6
  9
$SURFV
 70
     6
  9
$UCSBASE
  2

  9
$UCSNAME
  2

  9
$UCSORG
 10
0.0
 20
0.0
 30
0.0
  9
$UCSXDIR
 10
1.0
 20
0.0
 30
0.0
  9
$UCSYDIR
 10
0.0
 20
1.0
 30
0.0
  9
$UCSORTHOREF
  2

  9
$UCSORTHOVIEW
 70
     0
  9
$UCSORGTOP
 10
0.0
 20
0.0
 30
0.0
  9
$UCSORGBOTTOM
 10
0.0
 20
0.0
 30
0.0
  9
$UCSORGLEFT
 10
0.0
 20
0.0
 30
0.0
  9
$UCSORGRIGHT
 10
0.0
 20
0.0
 30
0.0
  9
$UCSORGFRONT
 10
0.0
 20
0.0
 30
0.0
  9
$UCSORGBACK
 10
0.0
 20
0.0
 30
0.0
  9
$PUCSBASE
  2

  9
$PUCSNAME
  2

  9
$PUCSORG
 10
0.0
 20
0.0
 30
0.0
  9
$PUCSXDIR
 10
1.0
 20
0.0
 30
0.0
  9
$PUCSYDIR
 10
0.0
 20
1.0
 30
0.0
  9
$PUCSORTHOREF
  2

  9
$PUCSORTHOVIEW
 70
     0
  9
$PUCSORGTOP
 10
0.0
 20
0.0
 30
0.0
  9
$PUCSORGBOTTOM
 10
0.0
 20
0.0
 30
0.0
  9
$PUCSORGLEFT
 10
0.0
 20
0.0
 30
0.0
  9
$PUCSORGRIGHT
 10
0.0
 20
0.0
 30
0.0
  9
$PUCSORGFRONT
 10
0.0
 20
0.0
 30
0.0
  9
$PUCSORGBACK
 10
0.0
 20
0.0
 30
0.0
  9
$USERI1
 70
     0
  9
$USERI2
 70
     0
  9
$USERI3
 70
     0
  9
$USERI4
 70
     0
  9
$USERI5
 70
     0
  9
$USERR1
 40
0.0
  9
$USERR2
 40
0.0
  9
$USERR3
 40
0.0
  9
$USERR4
 40
0.0
  9
$USERR5
 40
0.0
  9
$WORLDVIEW
 70
     1
  9
$SHADEDGE
 70
     3
  9
$SHADEDIF
 70
    70
  9
$TILEMODE
 70
     1
  9
$MAXACTVP
 70
    64
  9
$PINSBASE
 10
0.0
 20
0.0
 30
0.0
  9
$PLIMCHECK
 70
     0
  9
$PEXTMIN
 10
1.000000E+20
 20
1.000000E+20
 30
1.000000E+20
  9
$PEXTMAX
 10
-1.000000E+20
 20
-1.000000E+20
 30
-1.000000E+20
  9
$PLIMMIN
 10
0.0
 20
0.0
  9
$PLIMMAX
 10
420.0
 20
297.0
  9
$UNITMODE
 70
     0
  9
$VISRETAIN
 70
     1
  9
$PLINEGEN
 70
     0
  9
$PSLTSCALE
 70
     0
  9
$TREEDEPTH
 70
  3020
  9
$CMLSTYLE
  2
Standard
  9
$CMLJUST
 70
     0
  9
$CMLSCALE
 40
20.0
  9
$PROXYGRAPHICS
 70
     1
  9
$MEASUREMENT
 70
     1
  9
$CELWEIGHT
370
    -1
  9
$ENDCAPS
280
     0
  9
$JOINSTYLE
280
     0
  9
$LWDISPLAY
290
     0
  9
$INSUNITS
 70
     6
  9
$HYPERLINKBASE
  1

  9
$STYLESHEET
  1

  9
$XEDIT
290
     1
  9
$CEPSNTYPE
380
     0
  9
$PSTYLEMODE
290
     1
  9
$FINGERPRINTGUID
  2
{C1D1FE90-FFA9-43B9-9AFA-906F32D08D27}
  9
$VERSIONGUID
  2
{D5A7CC3C-67B3-4BF0-951C-F54DB7B8A900}
  9
$EXTNAMES
290
     1
  9
$PSVPSCALE
 40
0.0
  9
$OLESTARTUP
290
     0
  9
$SORTENTS
280
   127
  9
$INDEXCTL
280
     0
  9
$HIDETEXT
280
     1
  9
$XCLIPFRAME
280
     1
  9
$HALOGAP
280
     0
  9
$OBSCOLOR
 70
   257
  9
$OBSLTYPE
280
     0
  9
$INTERSECTIONDISPLAY
280
     0
  9
$INTERSECTIONCOLOR
 70
   257
  9
$DIMASSOC
280
     2
  9
$PROJECTNAME
  1

  9
$CAMERADISPLAY
290
     0
  9
$LENSLENGTH
 40
50.0
  9
$CAMERAHEIGHT
 40
0.0
  9
$STEPSPERSEC
 40
24.0
  9
$STEPSIZE
 40
100.0
  9
$3DDWFPREC
 40
2.0
  9
$PSOLWIDTH
 40
0.005
  9
$PSOLHEIGHT
 40
0.08
  9
$LOFTANG1
 40
1.570796
  9
$LOFTANG2
 40
1.570796
  9
$LOFTMAG1
 40
0.0
  9
$LOFTMAG2
 40
0.0
  9
$LOFTPARAM
 70
     7
  9
$LOFTNORMALS
280
     1
  9
$LATITUDE
 40
37.795
  9
$LONGITUDE
 40
-122.394
  9
$NORTHDIRECTION
 40
0.0
  9
$TIMEZONE
 70
 -8000
  9
$LIGHTGLYPHDISPLAY
280
     1
  9
$TILEMODELIGHTSYNCH
280
     1
  9
$CMATERIAL
347
20
  9
$SOLIDHIST
280
     0
  9
$SHOWHIST
280
     1
  9
$DWFFRAME
280
     2
  9
$DGNFRAME
280
     2
  9
$REALWORLDSCALE
290
     1
  9
$INTERFERECOLOR
 62
   256
  9
$CSHADOW
280
     0
  9
$SHADOWPLANELOCATION
 40
0.0
  0
ENDSEC
  0
SECTION
  2
CLASSES
  0
CLASS
  1
ACDBDICTIONARYWDFLT
  2
AcDbDictionaryWithDefault
  3
ObjectDBX Classes
 90
        0
 91
        6
280
     0
281
     0
  0
CLASS
  1
SUN
  2
AcDbSun
  3
SCENEOE
 90
     1153
 91
        5
280
     0
281
     0
  0
CLASS
  1
VISUALSTYLE
  2
AcDbVisualStyle
  3
ObjectDBX Classes
 90
     4095
 91
        5
280
     0
281
     0
  0
CLASS
  1
MATERIAL
  2
AcDbMaterial
  3
ObjectDBX Classes
 90
     1153
 91
        5
280
     0
281
     0
  0
CLASS
  1
SCALE
  2
AcDbScale
  3
ObjectDBX Classes
 90
     1153
 91
        5
280
     0
281
     0
  0
CLASS
  1
TABLESTYLE
  2
AcDbTableStyle
  3
ObjectDBX Classes
 90
     4095
 91
        5
280
     0
281
     0
  0
CLASS
  1
MLEADERSTYLE
  2
AcDbMLeaderStyle
  3
ACDB_MLEADERSTYLE_CLASS
 90
     4095
 91
        4
280
     0
281
     0
  0
CLASS
  1
DICTIONARYVAR
  2
AcDbDictionaryVar
  3
ObjectDBX Classes
 90
        0
 91
        4
280
     0
281
     0
  0
CLASS
  1
CELLSTYLEMAP
  2
AcDbCellStyleMap
  3
ObjectDBX Classes
 90
     1152
 91
        4
280
     0
281
     0
  0
CLASS
  1
MENTALRAYRENDERSETTINGS
  2
AcDbMentalRayRenderSettings
  3
SCENEOE
 90
     1024
 91
        4
280
     0
281
     0
  0
CLASS
  1
ACDBDETAILVIEWSTYLE
  2
AcDbDetailViewStyle
  3
ObjectDBX Classes
 90
     1025
 91
        4
280
     0
281
     0
  0
CLASS
  1
ACDBSECTIONVIEWSTYLE
  2
AcDbSectionViewStyle
  3
ObjectDBX Classes
 90
     1025
 91
        4
280
     0
281
     0
  0
CLASS
  1
RASTERVARIABLES
  2
AcDbRasterVariables
  3
ISM
 90
        0
 91
        4
280
     0
281
     0
  0
CLASS
  1
ACDBPLACEHOLDER
  2
AcDbPlaceHolder
  3
ObjectDBX Classes
 90
        0
 91
        1
280
     0
281
     0
  0
CLASS
  1
LAYOUT
  2
AcDbLayout
  3
ObjectDBX Classes
 90
        0
 91
        1
280
     0
281
     0
  0
CLASS
  1
McDbContainer2
  2
McDbContainer2
  3
NanoSPDS
 90
      893
 91
        4
280
     0
281
     0
  0
CLASS
  1
SORTENTSTABLE
  2
AcDbSortentsTable
  3
ObjectDBX Classes
 90
        0
 91
        4
280
     0
281
     0
  0
ENDSEC
  0
SECTION
  2
TABLES
  0
TABLE
  2
VPORT
  5
8
330
0
100
AcDbSymbolTable
 70
     1
  0
VPORT
  5
97
330
8
100
AcDbSymbolTableRecord
100
AcDbViewportTableRecord
  2
*Active
 70
     0
 10
0.0
 20
0.0
 11
1.0
 21
1.0
 12
5.344622
 22
2.784377
 13
0.0
 23
0.0
 14
0.5
 24
0.5
 15
0.5
 25
0.5
 16
0.0
 26
0.0
 36
1.0
 17
0.0
 27
0.0
 37
0.0
 40
10.0
 41
1.801351
 42
50.0
 43
0.0
 44
0.0
 50
0.0
 51
0.0
 71
    16
 72
  1000
 73
     1
 74
     3
 75
     0
 76
     0
 77
     0
 78
     0
281
     0
 65
     1
110
0.0
120
0.0
130
0.0
111
1.0
121
0.0
131
0.0
112
0.0
122
1.0
132
0.0
 79
     0
146
0.0
 60
     3
 61
     5
292
     1
282
     1
141
0.0
142
0.0
 63
   256
361
1FC
  0
ENDTAB
  0
TABLE
  2
LTYPE
  5
2
330
0
100
AcDbSymbolTable
 70
    22
  0
LTYPE
  5
24
330
2
100
AcDbSymbolTableRecord
100
AcDbLinetypeTableRecord
  2
ByBlock
 70
     0
  3

 72
    65
 73
     0
 40
0.0
  0
LTYPE
  5
25
330
2
100
AcDbSymbolTableRecord
100
AcDbLinetypeTableRecord
  2
ByLayer
 70
     0
  3

 72
    65
 73
     0
 40
0.0
  0
LTYPE
  5
26
330
2
100
AcDbSymbolTableRecord
100
AcDbLinetypeTableRecord
  2
Continuous
 70
     0
  3

 72
    65
 73
     0
 40
0.0
  0
LTYPE
  5
2F
330
2
100
AcDbSymbolTableRecord
100
AcDbLinetypeTableRecord
  2
CENTER
 70
     0
  3
Center ____ _ ____ _ ____ _ ____ _ ____ _ ____
 72
    65
 73
     4
 40
5.08
 49
3.175
 74
     0
 49
-0.635
 74
     0
 49
0.635
 74
     0
 49
-0.635
 74
     0
  0
LTYPE
  5
30
330
2
100
AcDbSymbolTableRecord
100
AcDbLinetypeTableRecord
  2
CENTERX2
 70
     0
  3
Center (2x) ________  __  ________  __  ________
 72
    65
 73
     4
 40
8.89
 49
6.35
 74
     0
 49
-0.635
 74
     0
 49
1.27
 74
     0
 49
-0.635
 74
     0
  0
LTYPE
  5
31
330
2
100
AcDbSymbolTableRecord
100
AcDbLinetypeTableRecord
  2
CENTER2
 70
     0
  3
Center (.5x) ____ _ ____ _ ____ _ ____ _ ____
 72
    65
 73
     4
 40
2.54
 49
1.587
 74
     0
 49
-0.318
 74
     0
 49
0.318
 74
     0
 49
-0.318
 74
     0
  0
LTYPE
  5
32
330
2
100
AcDbSymbolTableRecord
100
AcDbLinetypeTableRecord
  2
DASHED
 70
     0
  3
Dashed __ __ __ __ __ __ __ __ __ __ __ __ __ _
 72
    65
 73
     2
 40
1.524
 49
1.27
 74
     0
 49
-0.254
 74
     0
  0
LTYPE
  5
33
330
2
100
AcDbSymbolTableRecord
100
AcDbLinetypeTableRecord
  2
DASHEDX2
 70
     0
  3
Dashed (2x) ____  ____  ____  ____  ____  ____
 72
    65
 73
     2
 40
3.048
 49
2.54
 74
     0
 49
-0.508
 74
     0
  0
LTYPE
  5
34
330
2
100
AcDbSymbolTableRecord
100
AcDbLinetypeTableRecord
  2
DASHED2
 70
     0
  3
Dashed (.5x) _ _ _ _ _ _ _ _ _ _ _ _ _ _
 72
    65
 73
     2
 40
0.762
 49
0.635
 74
     0
 49
-0.127
 74
     0
  0
LTYPE
  5
35
330
2
100
AcDbSymbolTableRecord
100
AcDbLinetypeTableRecord
  2
PHANTOM
 70
     0
  3
Phantom ______  __  __  ______  __  __  ______
 72
    65
 73
     6
 40
6.35
 49
3.175
 74
     0
 49
-0.635
 74
     0
 49
0.635
 74
     0
 49
-0.635
 74
     0
 49
0.635
 74
     0
 49
-0.635
 74
     0
  0
LTYPE
  5
36
330
2
100
AcDbSymbolTableRecord
100
AcDbLinetypeTableRecord
  2
PHANTOMX2
 70
     0
  3
Phantom (2x)____________    ____    ____    ____________
 72
    65
 73
     6
 40
10.795
 49
6.35
 74
     0
 49
-0.635
 74
     0
 49
1.27
 74
     0
 49
-0.635
 74
     0
 49
1.27
 74
     0
 49
-0.635
 74
     0
  0
LTYPE
  5
37
330
2
100
AcDbSymbolTableRecord
100
AcDbLinetypeTableRecord
  2
PHANTOM2
 70
     0
  3
Phantom (.5x) ___ _ _ ___ _ _ ___ _ _ ___ _ _ ___
 72
    65
 73
     6
 40
3.175
 49
1.587
 74
     0
 49
-0.318
 74
     0
 49
0.318
 74
     0
 49
-0.318
 74
     0
 49
0.318
 74
     0
 49
-0.318
 74
     0
  0
LTYPE
  5
38
330
2
100
AcDbSymbolTableRecord
100
AcDbLinetypeTableRecord
  2
DASHDOT
 70
     0
  3
Dash dot __ . __ . __ . __ . __ . __ . __ . __
 72
    65
 73
     4
 40
3.556
 49
2.54
 74
     0
 49
-0.508
 74
     0
 49
0.0
 74
     0
 49
-0.508
 74
     0
  0
LTYPE
  5
39
330
2
100
AcDbSymbolTableRecord
100
AcDbLinetypeTableRecord
  2
DASHDOTX2
 70
     0
  3
Dash dot (2x) ____  .  ____  .  ____  .  ____
 72
    65
 73
     4
 40
6.096
 49
5.08
 74
     0
 49
-0.508
 74
     0
 49
0.0
 74
     0
 49
-0.508
 74
     0
  0
LTYPE
  5
3A
330
2
100
AcDbSymbolTableRecord
100
AcDbLinetypeTableRecord
  2
DASHDOT2
 70
     0
  3
Dash dot (.5x) _ . _ . _ . _ . _ . _ . _ . _
 72
    65
 73
     4
 40
1.778
 49
1.27
 74
     0
 49
-0.254
 74
     0
 49
0.0
 74
     0
 49
-0.254
 74
     0
  0
LTYPE
  5
3B
330
2
100
AcDbSymbolTableRecord
100
AcDbLinetypeTableRecord
  2
DOT
 70
     0
  3
Dot .  .  .  .  .  .  .  .  .  .  .  .  .  .  .  .
 72
    65
 73
     2
 40
0.508
 49
0.0
 74
     0
 49
-0.508
 74
     0
  0
LTYPE
  5
3C
330
2
100
AcDbSymbolTableRecord
100
AcDbLinetypeTableRecord
  2
DOTX2
 70
     0
  3
Dot (2x) .    .    .    .    .    .    .    . 
 72
    65
 73
     2
 40
1.016
 49
0.0
 74
     0
 49
-1.016
 74
     0
  0
LTYPE
  5
3D
330
2
100
AcDbSymbolTableRecord
100
AcDbLinetypeTableRecord
  2
DOT2
 70
     0
  3
Dot (.5) . . . . . . . . . . . . . . . . . . . 
 72
    65
 73
     2
 40
0.254
 49
0.0
 74
     0
 49
-0.254
 74
     0
  0
LTYPE
  5
3E
330
2
100
AcDbSymbolTableRecord
100
AcDbLinetypeTableRecord
  2
DIVIDE
 70
     0
  3
Divide __ . . __ . . __ . . __ . . __ . . __
 72
    65
 73
     6
 40
4.064
 49
2.54
 74
     0
 49
-0.508
 74
     0
 49
0.0
 74
     0
 49
-0.508
 74
     0
 49
0.0
 74
     0
 49
-0.508
 74
     0
  0
LTYPE
  5
3F
330
2
100
AcDbSymbolTableRecord
100
AcDbLinetypeTableRecord
  2
DIVIDEX2
 70
     0
  3
Divide (2x) ____  . .  ____  . .  ____  . .  ____
 72
    65
 73
     6
 40
6.604
 49
5.08
 74
     0
 49
-0.508
 74
     0
 49
0.0
 74
     0
 49
-0.508
 74
     0
 49
0.0
 74
     0
 49
-0.508
 74
     0
  0
LTYPE
  5
40
330
2
100
AcDbSymbolTableRecord
100
AcDbLinetypeTableRecord
  2
DIVIDE2
 70
     0
  3
Divide(.5x) _ . _ . _ . _ . _ . _ . _ . _
 72
    65
 73
     6
 40
2.032
 49
1.27
 74
     0
 49
-0.254
 74
     0
 49
0.0
 74
     0
 49
-0.254
 74
     0
 49
0.0
 74
     0
 49
-0.254
 74
     0
  0
LTYPE
  5
94
330
2
100
AcDbSymbolTableRecord
100
AcDbLinetypeTableRecord
  2
MY_DOT
 70
     0
  3

 72
    65
 73
     2
 40
0.05
 49
0.0
 74
     0
 49
-0.05
 74
     0
  0
LTYPE
  5
95
330
2
100
AcDbSymbolTableRecord
100
AcDbLinetypeTableRecord
  2
MY_CENTER
 70
     0
  3

 72
    65
 73
     4
 40
0.18
 49
0.12
 74
     0
 49
-0.02
 74
     0
 49
0.02
 74
     0
 49
-0.02
 74
     0
  0
LTYPE
  5
96
330
2
100
AcDbSymbolTableRecord
100
AcDbLinetypeTableRecord
  2
MY_DASHED
 70
     0
  3

 72
    65
 73
     2
 40
0.07
 49
0.04
 74
     0
 49
-0.05
 74
     0
  0
ENDTAB
  0
TABLE
  2
LAYER
  5
1
330
0
100
AcDbSymbolTable
 70
    13
  0
LAYER
  5
27
330
1
100
AcDbSymbolTableRecord
100
AcDbLayerTableRecord
  2
0
 70
     0
 62
     7
  6
Continuous
370
    -3
390
13
347
21
348
0
  0
LAYER
  5
28
330
1
100
AcDbSymbolTableRecord
100
AcDbLayerTableRecord
  2
Defpoints
 70
     0
 62
     7
  6
Continuous
290
     0
370
    -3
390
13
347
21
348
0
  0
LAYER
  5
8A
330
1
100
AcDbSymbolTableRecord
100
AcDbLayerTableRecord
  2
hormigon
 70
     0
 62
     9
  6
Continuous
370
    -3
390
13
347
21
348
0
  0
LAYER
  5
8B
330
1
100
AcDbSymbolTableRecord
100
AcDbLayerTableRecord
  2
armadura
 70
     0
 62
     1
  6
Continuous
370
    -3
390
13
347
21
348
0
  0
LAYER
  5
8C
330
1
100
AcDbSymbolTableRecord
100
AcDbLayerTableRecord
  2
texto
 70
     0
 62
     2
  6
Continuous
370
    -3
390
13
347
21
348
0
  0
LAYER
  5
8D
330
1
100
AcDbSymbolTableRecord
100
AcDbLayerTableRecord
  2
ejes
 70
     0
 62
     8
  6
MY_CENTER
370
    -3
390
13
347
21
348
0
  0
LAYER
  5
8E
330
1
100
AcDbSymbolTableRecord
100
AcDbLayerTableRecord
  2
suelo
 70
     0
 62
     7
  6
Continuous
370
    -3
390
13
347
21
348
0
  0
LAYER
  5
8F
330
1
100
AcDbSymbolTableRecord
100
AcDbLayerTableRecord
  2
puntos_inflexion
 70
     0
 62
     4
  6
MY_DOT
370
    -3
390
13
347
21
348
0
  0
LAYER
  5
90
330
1
100
AcDbSymbolTableRecord
100
AcDbLayerTableRecord
  2
recubrimiento
 70
     0
 62
     6
  6
MY_DASHED
370
    -3
390
13
347
21
348
0
  0
LAYER
  5
91
330
1
100
AcDbSymbolTableRecord
100
AcDbLayerTableRecord
  2
estribos
 70
     0
 62
     3
  6
Continuous
370
    -3
390
13
347
21
348
0
  0
LAYER
  5
92
330
1
100
AcDbSymbolTableRecord
100
AcDbLayerTableRecord
  2
sunchos
 70
     0
 62
    11
  6
Continuous
370
    -3
390
13
347
21
348
0
  0
LAYER
  5
93
330
1
100
AcDbSymbolTableRecord
100
AcDbLayerTableRecord
  2
cotas
 70
     0
 62
     5
  6
Continuous
370
    -3
390
13
347
21
348
0
  0
LAYER
  5
20B
330
1
100
AcDbSymbolTableRecord
100
AcDbLayerTableRecord
  2
DIMENSION
 70
     0
 62
     3
  6
Continuous
370
    25
390
13
347
21
348
0
  0
ENDTAB
  0
TABLE
  2
STYLE
  5
5
330
0
100
AcDbSymbolTable
 70
    26
  0
STYLE
  5
29
330
5
100
AcDbSymbolTableRecord
100
AcDbTextStyleTableRecord
  2
Standard
 70
     0
 40
0.0
 41
1.0
 50
0.0
 71
     0
 42
2.5
  3
isocp.shx
  4

  0
STYLE
  5
41
330
5
100
AcDbSymbolTableRecord
100
AcDbTextStyleTableRecord
  2
OpenSans-Light
 70
     0
 40
0.0
 41
1.0
 50
0.0
 71
     0
 42
2.5
  3
OpenSans-Light.ttf
  4

  0
STYLE
  5
42
330
5
100
AcDbSymbolTableRecord
100
AcDbTextStyleTableRecord
  2
OpenSans-Light-Italic
 70
     0
 40
0.0
 41
1.0
 50
0.0
 71
     0
 42
2.5
  3
OpenSans-LightItalic.ttf
  4

  0
STYLE
  5
43
330
5
100
AcDbSymbolTableRecord
100
AcDbTextStyleTableRecord
  2
OpenSans
 70
     0
 40
0.0
 41
1.0
 50
0.0
 71
     0
 42
2.5
  3
OpenSans-Regular.ttf
  4

  0
STYLE
  5
44
330
5
100
AcDbSymbolTableRecord
100
AcDbTextStyleTableRecord
  2
OpenSans-Italic
 70
     0
 40
0.0
 41
1.0
 50
0.0
 71
     0
 42
2.5
  3
OpenSans-Italic.ttf
  4

  0
STYLE
  5
45
330
5
100
AcDbSymbolTableRecord
100
AcDbTextStyleTableRecord
  2
OpenSans-SemiBold
 70
     0
 40
0.0
 41
1.0
 50
0.0
 71
     0
 42
2.5
  3
OpenSans-SemiBold.ttf
  4

  0
STYLE
  5
46
330
5
100
AcDbSymbolTableRecord
100
AcDbTextStyleTableRecord
  2
OpenSans-SemiBoldItalic
 70
     0
 40
0.0
 41
1.0
 50
0.0
 71
     0
 42
2.5
  3
OpenSans-SemiBoldItalic.ttf
  4

  0
STYLE
  5
47
330
5
100
AcDbSymbolTableRecord
100
AcDbTextStyleTableRecord
  2
OpenSans-Bold
 70
     0
 40
0.0
 41
1.0
 50
0.0
 71
     0
 42
2.5
  3
OpenSans-Bold.ttf
  4

  0
STYLE
  5
48
330
5
100
AcDbSymbolTableRecord
100
AcDbTextStyleTableRecord
  2
OpenSans-BoldItalic
 70
     0
 40
0.0
 41
1.0
 50
0.0
 71
     0
 42
2.5
  3
OpenSans-BoldItalic.ttf
  4

  0
STYLE
  5
49
330
5
100
AcDbSymbolTableRecord
100
AcDbTextStyleTableRecord
  2
OpenSans-ExtraBold
 70
     0
 40
0.0
 41
1.0
 50
0.0
 71
     0
 42
2.5
  3
OpenSans-ExtraBold.ttf
  4

  0
STYLE
  5
4A
330
5
100
AcDbSymbolTableRecord
100
AcDbTextStyleTableRecord
  2
OpenSans-ExtraBoldItalic
 70
     0
 40
0.0
 41
1.0
 50
0.0
 71
     0
 42
2.5
  3
OpenSans-ExtraBoldItalic.ttf
  4

  0
STYLE
  5
4B
330
5
100
AcDbSymbolTableRecord
100
AcDbTextStyleTableRecord
  2
OpenSansCondensed-Bold
 70
     0
 40
0.0
 41
1.0
 50
0.0
 71
     0
 42
2.5
  3
OpenSansCondensed-Bold.ttf
  4

  0
STYLE
  5
4C
330
5
100
AcDbSymbolTableRecord
100
AcDbTextStyleTableRecord
  2
OpenSansCondensed-Light
 70
     0
 40
0.0
 41
1.0
 50
0.0
 71
     0
 42
2.5
  3
OpenSansCondensed-Light.ttf
  4

  0
STYLE
  5
4D
330
5
100
AcDbSymbolTableRecord
100
AcDbTextStyleTableRecord
  2
OpenSansCondensed-Italic
 70
     0
 40
0.0
 41
1.0
 50
0.0
 71
     0
 42
2.5
  3
OpenSansCondensed-LightItalic.ttf
  4

  0
STYLE
  5
4E
330
5
100
AcDbSymbolTableRecord
100
AcDbTextStyleTableRecord
  2
LiberationSans
 70
     0
 40
0.0
 41
1.0
 50
0.0
 71
     0
 42
2.5
  3
LiberationSans-Regular.ttf
  4

  0
STYLE
  5
4F
330
5
100
AcDbSymbolTableRecord
100
AcDbTextStyleTableRecord
  2
LiberationSans-Bold
 70
     0
 40
0.0
 41
1.0
 50
0.0
 71
     0
 42
2.5
  3
LiberationSans-Bold.ttf
  4

  0
STYLE
  5
50
330
5
100
AcDbSymbolTableRecord
100
AcDbTextStyleTableRecord
  2
LiberationSans-BoldItalic
 70
     0
 40
0.0
 41
1.0
 50
0.0
 71
     0
 42
2.5
  3
LiberationSans-BoldItalic.ttf
  4

  0
STYLE
  5
51
330
5
100
AcDbSymbolTableRecord
100
AcDbTextStyleTableRecord
  2
LiberationSans-Italic
 70
     0
 40
0.0
 41
1.0
 50
0.0
 71
     0
 42
2.5
  3
LiberationSans-Italic.ttf
  4

  0
STYLE
  5
52
330
5
100
AcDbSymbolTableRecord
100
AcDbTextStyleTableRecord
  2
LiberationSerif
 70
     0
 40
0.0
 41
1.0
 50
0.0
 71
     0
 42
2.5
  3
LiberationSerif-Regular.ttf
  4

  0
STYLE
  5
53
330
5
100
AcDbSymbolTableRecord
100
AcDbTextStyleTableRecord
  2
LiberationSerif-Bold
 70
     0
 40
0.0
 41
1.0
 50
0.0
 71
     0
 42
2.5
  3
LiberationSerif-Bold.ttf
  4

  0
STYLE
  5
54
330
5
100
AcDbSymbolTableRecord
100
AcDbTextStyleTableRecord
  2
LiberationSerif-BoldItalic
 70
     0
 40
0.0
 41
1.0
 50
0.0
 71
     0
 42
2.5
  3
LiberationSerif-BoldItalic.ttf
  4

  0
STYLE
  5
55
330
5
100
AcDbSymbolTableRecord
100
AcDbTextStyleTableRecord
  2
LiberationSerif-Italic
 70
     0
 40
0.0
 41
1.0
 50
0.0
 71
     0
 42
2.5
  3
LiberationSerif-Italic.ttf
  4

  0
STYLE
  5
56
330
5
100
AcDbSymbolTableRecord
100
AcDbTextStyleTableRecord
  2
LiberationMono
 70
     0
 40
0.0
 41
1.0
 50
0.0
 71
     0
 42
2.5
  3
LiberationMono-Regular.ttf
  4

  0
STYLE
  5
57
330
5
100
AcDbSymbolTableRecord
100
AcDbTextStyleTableRecord
  2
LiberationMono-Bold
 70
     0
 40
0.0
 41
1.0
 50
0.0
 71
     0
 42
2.5
  3
LiberationMono-Bold.ttf
  4

  0
STYLE
  5
58
330
5
100
AcDbSymbolTableRecord
100
AcDbTextStyleTableRecord
  2
LiberationMono-BoldItalic
 70
     0
 40
0.0
 41
1.0
 50
0.0
 71
     0
 42
2.5
  3
LiberationMono-BoldItalic.ttf
  4

  0
STYLE
  5
59
330
5
100
AcDbSymbolTableRecord
100
AcDbTextStyleTableRecord
  2
LiberationMono-Italic
 70
     0
 40
0.0
 41
1.0
 50
0.0
 71
     0
 42
2.5
  3
LiberationMono-Italic.ttf
  4

  0
ENDTAB
  0
TABLE
  2
VIEW
  5
7
330
0
100
AcDbSymbolTable
 70
     0
  0
ENDTAB
  0
TABLE
  2
UCS
  5
6
330
0
100
AcDbSymbolTable
 70
     0
  0
ENDTAB
  0
TABLE
  2
APPID
  5
3
330
0
100
AcDbSymbolTable
 70
     9
  0
APPID
  5
2A
330
3
100
AcDbSymbolTableRecord
100
AcDbRegAppTableRecord
  2
ACAD
 70
     0
  0
APPID
  5
1D1
330
3
100
AcDbSymbolTableRecord
100
AcDbRegAppTableRecord
  2
HATCHBACKGROUNDCOLOR
 70
     0
  0
APPID
  5
1D2
330
3
100
AcDbSymbolTableRecord
100
AcDbRegAppTableRecord
  2
EZDXF
 70
     0
  0
APPID
  5
1D4
330
3
100
AcDbSymbolTableRecord
100
AcDbRegAppTableRecord
  2
ACAD_MLEADERVER
 70
     0
  0
APPID
  5
1F7
330
3
100
AcDbSymbolTableRecord
100
AcDbRegAppTableRecord
  2
MCS_DIM1
 70
     0
  0
APPID
  5
1F8
330
3
100
AcDbSymbolTableRecord
100
AcDbRegAppTableRecord
  2
McsXdata5
 70
     0
  0
APPID
  5
1FB
330
3
100
AcDbSymbolTableRecord
100
AcDbRegAppTableRecord
  2
MCS_DOCUMENT_ID
 70
     0
  0
APPID
  5
258
330
3
100
AcDbSymbolTableRecord
100
AcDbRegAppTableRecord
  2
MCS_PARAMS_DATA
 70
     0
  0
APPID
  5
25A
330
3
100
AcDbSymbolTableRecord
100
AcDbRegAppTableRecord
  2
MC_VERSION_DATA
 70
     0
  0
ENDTAB
  0
TABLE
  2
DIMSTYLE
  5
4
330
0
100
AcDbSymbolTable
 70
    12
100
AcDbDimStyleTable
  0
DIMSTYLE
105
2B
330
4
100
AcDbSymbolTableRecord
100
AcDbDimStyleTableRecord
  2
Standard
 70
     0
 41
2.5
 42
0.625
 43
3.75
 44
1.25
 49
2.5
 73
     0
 74
     0
 77
     1
 78
     8
 79
     3
140
2.5
141
2.5
143
0.03937
147
0.625
171
     3
172
     1
178
     0
179
     2
271
     2
272
     2
274
     3
278
    44
283
     0
284
     8
340
29
  0
DIMSTYLE
105
73
330
4
100
AcDbSymbolTableRecord
100
AcDbDimStyleTableRecord
  2
EZDXF
 70
     0
 41
0.175
 42
0.125
 43
3.75
 44
0.375
 49
2.5
 73
     0
 74
     0
 77
     1
 78
    12
 79
     3
140
0.25
141
2.5
143
0.03937
144
100.0
146
0.5
147
0.1
171
     3
172
     1
178
     0
179
     2
271
     2
272
     2
274
     3
279
     2
283
     0
284
     8
288
     1
340
4C
342
74
  0
DIMSTYLE
105
7C
330
4
100
AcDbSymbolTableRecord
100
AcDbDimStyleTableRecord
  2
EZ_M_100_H25_CM
 70
     0
 41
0.25
 42
0.125
 43
3.75
 44
0.375
 49
2.5
 73
     0
 74
     0
 77
     1
 78
    12
 79
     3
140
0.25
141
2.5
142
0.125
143
0.03937
144
100.0
146
0.5
147
0.1
171
     3
172
     1
178
     0
179
     2
271
     2
272
     2
274
     3
279
     2
283
     0
284
     8
288
     1
340
4C
  0
DIMSTYLE
105
7D
330
4
100
AcDbSymbolTableRecord
100
AcDbDimStyleTableRecord
  2
EZ_M_50_H25_CM
 70
     0
 41
0.125
 43
3.75
 44
0.1875
 49
2.5
 73
     0
 74
     0
 77
     1
 78
    12
 79
     3
140
0.125
141
2.5
142
0.0625
143
0.03937
144
100.0
146
0.5
147
0.05
171
     3
172
     1
178
     0
179
     2
271
     2
272
     2
274
     3
279
     2
283
     0
284
     8
288
     1
340
4C
  0
DIMSTYLE
105
7E
102
{ACAD_REACTORS
330
241
102
}
330
4
100
AcDbSymbolTableRecord
100
AcDbDimStyleTableRecord
  2
EZ_M_25_H25_CM
 70
     0
 41
0.0625
 42
0.03125
 43
3.75
 44
0.09375
 49
2.5
 73
     0
 74
     0
 77
     1
 78
    12
 79
     3
140
0.0625
141
2.5
142
0.03125
143
0.03937
144
100.0
146
0.5
147
0.025
171
     3
172
     1
178
     0
179
     2
271
     2
272
     2
274
     3
279
     2
283
     0
284
     8
288
     1
340
4C
  0
DIMSTYLE
105
7F
330
4
100
AcDbSymbolTableRecord
100
AcDbDimStyleTableRecord
  2
EZ_M_20_H25_CM
 70
     0
 41
0.05
 42
0.025
 43
3.75
 44
0.075
 49
2.5
 73
     0
 74
     0
 77
     1
 78
    12
 79
     3
140
0.05
141
2.5
142
0.025
143
0.03937
144
100.0
146
0.5
147
0.02
171
     3
172
     1
178
     0
179
     2
271
     2
272
     2
274
     3
279
     2
283
     0
284
     8
288
     1
340
4C
  0
DIMSTYLE
105
80
330
4
100
AcDbSymbolTableRecord
100
AcDbDimStyleTableRecord
  2
EZ_M_10_H25_CM
 70
     0
 41
0.025
 42
0.0125
 43
3.75
 44
0.0375
 49
2.5
 73
     0
 74
     0
 77
     1
 78
    12
 79
     3
140
0.025
141
2.5
142
0.0125
143
0.03937
144
100.0
146
0.5
147
0.01
171
     3
172
     1
178
     0
179
     2
271
     2
272
     2
274
     3
279
     2
283
     0
284
     8
288
     1
340
4C
  0
DIMSTYLE
105
81
330
4
100
AcDbSymbolTableRecord
100
AcDbDimStyleTableRecord
  2
EZ_M_5_H25_CM
 70
     0
 41
0.0125
 42
0.00625
 43
3.75
 44
0.01875
 49
2.5
 73
     0
 74
     0
 77
     1
 78
    12
 79
     3
140
0.0125
141
2.5
142
0.00625
143
0.03937
144
100.0
146
0.5
147
0.005
171
     3
172
     1
178
     0
179
     2
271
     2
272
     2
274
     3
279
     2
283
     0
284
     8
288
     1
340
4C
  0
DIMSTYLE
105
82
330
4
100
AcDbSymbolTableRecord
100
AcDbDimStyleTableRecord
  2
EZ_M_1_H25_CM
 70
     0
 41
0.0025
 42
0.00125
 43
3.75
 44
0.00375
 49
2.5
 73
     0
 74
     0
 77
     1
 78
    12
 79
     3
140
0.0025
141
2.5
142
0.00125
143
0.03937
144
100.0
146
0.5
147
0.001
171
     3
172
     1
178
     0
179
     2
271
     2
272
     2
274
     3
279
     2
283
     0
284
     8
288
     1
340
4C
  0
DIMSTYLE
105
83
330
4
100
AcDbSymbolTableRecord
100
AcDbDimStyleTableRecord
  2
EZ_RADIUS
 70
     0
 41
0.25
 42
0.125
 43
3.75
 44
0.375
 49
2.5
 73
     0
 74
     0
 77
     1
 78
    12
 79
     3
140
0.25
141
0.0
143
0.03937
144
100.0
146
0.5
147
0.1
171
     3
178
     0
179
     2
271
     2
272
     2
274
     3
279
     1
283
     0
284
     8
288
     1
340
4C
342
84
  0
DIMSTYLE
105
88
330
4
100
AcDbSymbolTableRecord
100
AcDbDimStyleTableRecord
  2
EZ_RADIUS_INSIDE
 70
     0
 41
0.25
 42
0.125
 43
3.75
 44
0.375
 49
2.5
 73
     0
 74
     0
 78
    12
 79
     3
140
0.25
141
0.0
143
0.03937
144
100.0
146
0.5
147
0.1
171
     3
174
     1
178
     0
179
     2
271
     2
272
     2
274
     3
283
     0
284
     8
288
     1
289
     0
340
4C
342
84
  0
DIMSTYLE
105
89
330
4
100
AcDbSymbolTableRecord
100
AcDbDimStyleTableRecord
  2
EZ_CURVED
 70
     0
 41
0.25
 42
0.125
 43
3.75
 44
0.375
 49
2.5
 90
        2
 73
     0
 74
     0
 77
     1
 78
    12
 79
     2
140
0.25
141
2.5
143
0.03937
144
100.0
146
0.5
147
0.1
171
     3
172
     1
178
     0
179
     2
271
     2
272
     2
274
     3
279
     2
283
     0
284
     8
288
     1
340
4C
  0
ENDTAB
  0
TABLE
  2
BLOCK_RECORD
  5
9
330
0
100
AcDbSymbolTable
 70
     7
  0
BLOCK_RECORD
  5
17
102
{ACAD_XDICTIONARY
360
254
102
}
330
9
100
AcDbSymbolTableRecord
100
AcDbBlockTableRecord
  2
*Model_Space
340
1A
 70
     0
280
     1
281
     0
  0
BLOCK_RECORD
  5
1B
330
9
100
AcDbSymbolTableRecord
100
AcDbBlockTableRecord
  2
*Paper_Space
340
1E
 70
     0
280
     1
281
     0
  0
BLOCK_RECORD
  5
74
330
9
100
AcDbSymbolTableRecord
100
AcDbBlockTableRecord
  2
_ARCHTICK
340
0
 70
     0
280
     1
281
     0
  0
BLOCK_RECORD
  5
78
330
9
100
AcDbSymbolTableRecord
100
AcDbBlockTableRecord
  2
_CLOSEDFILLED
340
0
 70
     0
280
     1
281
     0
  0
BLOCK_RECORD
  5
84
330
9
100
AcDbSymbolTableRecord
100
AcDbBlockTableRecord
  2
_CLOSEDBLANK
340
0
 70
     0
280
     1
281
     0
  0
BLOCK_RECORD
  5
1FF
330
9
100
AcDbSymbolTableRecord
100
AcDbBlockTableRecord
  2
*D3
340
0
 70
     0
280
     1
281
     0
  0
BLOCK_RECORD
  5
211
330
9
100
AcDbSymbolTableRecord
100
AcDbBlockTableRecord
  2
*D4
340
0
 70
     0
280
     1
281
     0
  0
BLOCK_RECORD
  5
22E
330
9
100
AcDbSymbolTableRecord
100
AcDbBlockTableRecord
  2
*D5
340
0
 70
     0
280
     1
281
     0
  0
BLOCK_RECORD
  5
242
330
9
100
AcDbSymbolTableRecord
100
AcDbBlockTableRecord
  2
*D6
340
0
 70
     0
280
     1
281
     0
  0
ENDTAB
  0
ENDSEC
  0
SECTION
  2
BLOCKS
  0
BLOCK
  5
18
330
17
100
AcDbEntity
  8
0
100
AcDbBlockBegin
  2
*Model_Space
 70
     0
 10
0.0
 20
0.0
 30
0.0
  3
*Model_Space
  1
*Model_Space
  0
ENDBLK
  5
19
330
17
100
AcDbEntity
  8
0
100
AcDbBlockEnd
  0
BLOCK
  5
1C
330
1B
100
AcDbEntity
 67
     1
  8
0
100
AcDbBlockBegin
  2
*Paper_Space
 70
     0
 10
0.0
 20
0.0
 30
0.0
  3
*Paper_Space
  1
*Paper_Space
  0
ENDBLK
  5
1D
330
1B
100
AcDbEntity
 67
     1
  8
0
100
AcDbBlockEnd
  0
BLOCK
  5
75
330
74
100
AcDbEntity
  8
0
100
AcDbBlockBegin
  2
_ARCHTICK
 70
     0
 10
0.0
 20
0.0
 30
0.0
  3
_ARCHTICK
  1
_ARCHTICK
  0
LWPOLYLINE
  5
77
330
74
100
AcDbEntity
  8
0
  6
ByBlock
 62
     0
100
AcDbPolyline
 90
        2
 70
     0
 43
0.15
 10
-0.5
 20
-0.5
 10
0.5
 20
0.5
  0
ENDBLK
  5
76
330
74
100
AcDbEntity
  8
0
100
AcDbBlockEnd
  0
BLOCK
  5
79
330
78
100
AcDbEntity
  8
0
100
AcDbBlockBegin
  2
_CLOSEDFILLED
 70
     0
 10
0.0
 20
0.0
 30
0.0
  3
_CLOSEDFILLED
  1
_CLOSEDFILLED
  0
SOLID
  5
7B
330
78
100
AcDbEntity
  8
0
  6
ByBlock
 62
     0
100
AcDbTrace
 10
-1.0
 20
0.164399
 30
0.0
 11
0.0
 21
0.0
 31
0.0
 12
-1.0
 22
-0.164399
 32
0.0
 13
-1.0
 23
-0.164399
 33
0.0
  0
ENDBLK
  5
7A
330
78
100
AcDbEntity
  8
0
100
AcDbBlockEnd
  0
BLOCK
  5
85
330
84
100
AcDbEntity
  8
0
100
AcDbBlockBegin
  2
_CLOSEDBLANK
 70
     0
 10
0.0
 20
0.0
 30
0.0
  3
_CLOSEDBLANK
  1
_CLOSEDBLANK
  0
LWPOLYLINE
  5
87
330
84
100
AcDbEntity
  8
0
  6
ByBlock
 62
     0
100
AcDbPolyline
 90
        3
 70
     1
 43
0.0
 10
-1.0
 20
0.164399
 10
0.0
 20
0.0
 10
-1.0
 20
-0.164399
  0
ENDBLK
  5
86
330
84
100
AcDbEntity
  8
0
100
AcDbBlockEnd
  0
BLOCK
  5
200
330
1FF
100
AcDbEntity
  8
0
100
AcDbBlockBegin
  2
*D3
 70
     1
 10
0.0
 20
0.0
 30
0.0
  3
*D3
  1
*D3
  0
LINE
  5
202
330
1FF
100
AcDbEntity
  8
DIMENSION
 62
     0
370
    -2
100
AcDbLine
 10
-0.370092
 20
7.069113
 30
0.0
 11
-0.370092
 21
6.807977
 31
0.0
  0
LINE
  5
203
330
1FF
100
AcDbEntity
  8
DIMENSION
 62
     0
370
    -2
100
AcDbLine
 10
0.987265
 20
7.081125
 30
0.0
 11
0.987265
 21
6.807977
 31
0.0
  0
LINE
  5
204
330
1FF
100
AcDbEntity
  8
DIMENSION
 62
     0
370
    -2
100
AcDbLine
 10
-0.370092
 20
6.995477
 30
0.0
 11
0.987265
 21
6.995477
 31
0.0
  0
LINE
  5
205
330
1FF
100
AcDbEntity
  8
DIMENSION
 62
     0
370
    -2
100
AcDbLine
 10
-0.307592
 20
7.057977
 30
0.0
 11
-0.432592
 21
6.932977
 31
0.0
  0
LINE
  5
206
330
1FF
100
AcDbEntity
  8
DIMENSION
 62
     0
370
    -2
100
AcDbLine
 10
0.924765
 20
6.932977
 30
0.0
 11
1.049765
 21
7.057977
 31
0.0
  0
MTEXT
  5
207
330
1FF
100
AcDbEntity
  8
DIMENSION
 62
     0
100
AcDbMText
 10
1.179457
 20
7.107977
 30
0.0
 40
0.125
 41
0.0
 46
0.0
 71
     5
 72
     1
  1
1.36
  7
OpenSansCondensed-Light
 73
     1
 44
1.0
  0
POINT
  5
208
330
1FF
100
AcDbEntity
  8
Defpoints
 62
     0
100
AcDbPoint
 10
-0.370092
 20
7.131613
 30
0.0
  0
POINT
  5
209
330
1FF
100
AcDbEntity
  8
Defpoints
 62
     0
100
AcDbPoint
 10
0.987265
 20
7.143625
 30
0.0
  0
POINT
  5
20A
330
1FF
100
AcDbEntity
  8
Defpoints
 62
     0
100
AcDbPoint
 10
0.987265
 20
6.995477
 30
0.0
  0
ENDBLK
  5
201
330
1FF
100
AcDbEntity
  8
0
100
AcDbBlockEnd
  0
BLOCK
  5
212
330
211
100
AcDbEntity
  8
0
100
AcDbBlockBegin
  2
*D4
 70
     1
 10
0.0
 20
0.0
 30
0.0
  3
*D4
  1
*D4
  0
LINE
  5
214
330
211
100
AcDbEntity
  8
DIMENSION
 62
     0
370
    -2
100
AcDbLine
 10
0.0
 20
6.2175
 30
0.0
 11
0.0
 21
6.3825
 31
0.0
  0
LINE
  5
215
330
211
100
AcDbEntity
  8
DIMENSION
 62
     0
370
    -2
100
AcDbLine
 10
4.85
 20
6.2575
 30
0.0
 11
4.85
 21
6.3825
 31
0.0
  0
LINE
  5
216
330
211
100
AcDbEntity
  8
DIMENSION
 62
     0
370
    -2
100
AcDbLine
 10
0.0
 20
6.195
 30
0.0
 11
4.85
 21
6.195
 31
0.0
  0
LINE
  5
217
330
211
100
AcDbEntity
  8
DIMENSION
 62
     0
370
    -2
100
AcDbLine
 10
0.0625
 20
6.2575
 30
0.0
 11
-0.0625
 21
6.1325
 31
0.0
  0
LINE
  5
218
330
211
100
AcDbEntity
  8
DIMENSION
 62
     0
370
    -2
100
AcDbLine
 10
4.7875
 20
6.1325
 30
0.0
 11
4.9125
 21
6.2575
 31
0.0
  0
MTEXT
  5
219
330
211
100
AcDbEntity
  8
DIMENSION
 62
     0
100
AcDbMText
 10
2.425
 20
6.3075
 30
0.0
 40
0.125
 41
0.0
 46
0.0
 71
     5
 72
     1
  1
4.85
  7
OpenSansCondensed-Light
 73
     1
 44
1.0
  0
POINT
  5
21A
330
211
100
AcDbEntity
  8
Defpoints
 62
     0
100
AcDbPoint
 10
0.0
 20
6.155
 30
0.0
  0
POINT
  5
21B
330
211
100
AcDbEntity
  8
Defpoints
 62
     0
100
AcDbPoint
 10
4.85
 20
6.195
 30
0.0
  0
POINT
  5
21C
330
211
100
AcDbEntity
  8
Defpoints
 62
     0
100
AcDbPoint
 10
4.85
 20
6.195
 30
0.0
  0
ENDBLK
  5
213
330
211
100
AcDbEntity
  8
0
100
AcDbBlockEnd
  0
BLOCK
  5
22F
330
22E
100
AcDbEntity
  8
0
100
AcDbBlockBegin
  2
*D5
 70
     1
 10
0.0
 20
0.0
 30
0.0
  3
*D5
  1
*D5
  0
LINE
  5
231
330
22E
100
AcDbEntity
  8
DIMENSION
 62
     0
370
    -2
100
AcDbLine
 10
4.85
 20
6.195
 30
0.0
 11
4.85
 21
5.945
 31
0.0
  0
LINE
  5
232
330
22E
100
AcDbEntity
  8
DIMENSION
 62
     0
370
    -2
100
AcDbLine
 10
0.062498
 20
6.155515
 30
0.0
 11
5.037494
 21
6.196546
 31
0.0
  0
LINE
  5
233
330
22E
100
AcDbEntity
  8
DIMENSION
 62
     0
370
    -2
100
AcDbLine
 10
4.85
 20
6.2575
 30
0.0
 11
4.85
 21
6.3825
 31
0.0
  0
ARC
  5
234
330
22E
100
AcDbEntity
  8
DIMENSION
 62
     0
370
    -2
100
AcDbCircle
 10
4.85
 20
6.195
 30
0.0
 40
0.0
100
AcDbArc
 50
0.0
 51
180.0
  0
ARC
  5
235
330
22E
100
AcDbEntity
  8
DIMENSION
 62
     0
370
    -2
100
AcDbCircle
 10
4.85
 20
6.195
 30
0.0
 40
0.0
100
AcDbArc
 50
180.0
 51
0.0
  0
ARC
  5
236
330
22E
100
AcDbEntity
  8
DIMENSION
 62
     0
370
    -2
100
AcDbCircle
 10
4.85
 20
6.195
 30
0.0
 40
0.0
100
AcDbArc
 50
0.0
 51
0.0
  0
SOLID
  5
237
330
22E
100
AcDbEntity
  8
DIMENSION
 62
     0
100
AcDbTrace
 10
4.870833
 20
6.07
 30
0.0
 11
4.829167
 21
6.07
 31
0.0
 12
4.85
 22
6.195
 32
0.0
 13
4.85
 23
6.195
 33
0.0
  0
SOLID
  5
238
330
22E
100
AcDbEntity
  8
DIMENSION
 62
     0
100
AcDbTrace
 10
4.870833
 20
6.07
 30
0.0
 11
4.829167
 21
6.07
 31
0.0
 12
4.85
 22
6.195
 32
0.0
 13
4.85
 23
6.195
 33
0.0
  0
MTEXT
  5
239
330
22E
100
AcDbEntity
  8
DIMENSION
 62
     0
100
AcDbMText
 10
4.85
 20
5.8325
 30
0.0
 40
0.125
 41
0.0
 46
0.0
 71
     5
 72
     1
  1
0%%d
  7
OpenSansCondensed-Light
 73
     1
 44
1.0
  0
POINT
  5
23A
330
22E
100
AcDbEntity
  8
Defpoints
 62
     0
100
AcDbPoint
 10
4.85
 20
6.195
 30
0.0
  0
POINT
  5
23E
330
22E
100
AcDbEntity
  8
Defpoints
 62
     0
100
AcDbPoint
 10
0.0
 20
6.155
 30
0.0
  0
POINT
  5
23F
330
22E
100
AcDbEntity
  8
Defpoints
 62
     0
100
AcDbPoint
 10
4.85
 20
6.195
 30
0.0
  0
POINT
  5
240
330
22E
100
AcDbEntity
  8
Defpoints
 62
     0
100
AcDbPoint
 10
4.85
 20
6.195
 30
0.0
  0
ENDBLK
  5
230
330
22E
100
AcDbEntity
  8
0
100
AcDbBlockEnd
  0
BLOCK
  5
243
330
242
100
AcDbEntity
  8
0
100
AcDbBlockBegin
  2
*D6
 70
     1
 10
0.0
 20
0.0
 30
0.0
  3
*D6
  1
*D6
  0
LINE
  5
245
330
242
100
AcDbEntity
  8
DIMENSION
 62
     0
370
    -2
100
AcDbLine
 10
0.0
 20
6.162226
 30
0.0
 11
0.0
 21
7.094013
 31
0.0
  0
LINE
  5
246
330
242
100
AcDbEntity
  8
DIMENSION
 62
     0
370
    -2
100
AcDbLine
 10
4.85
 20
6.202226
 30
0.0
 11
4.85
 21
7.094013
 31
0.0
  0
LINE
  5
247
330
242
100
AcDbEntity
  8
DIMENSION
 62
     0
370
    -2
100
AcDbLine
 10
0.0
 20
7.000263
 30
0.0
 11
4.85
 21
7.000263
 31
0.0
  0
LINE
  5
248
330
242
100
AcDbEntity
  8
DIMENSION
 62
     0
370
    -2
100
AcDbLine
 10
0.03125
 20
7.031513
 30
0.0
 11
-0.03125
 21
6.969013
 31
0.0
  0
LINE
  5
249
330
242
100
AcDbEntity
  8
DIMENSION
 62
     0
370
    -2
100
AcDbLine
 10
4.81875
 20
6.969013
 30
0.0
 11
4.88125
 21
7.031513
 31
0.0
  0
MTEXT
  5
24A
330
242
100
AcDbEntity
  8
DIMENSION
 62
     0
100
AcDbMText
 10
2.425
 20
7.057419
 30
0.0
 40
0.0625
 41
0.0
 46
0.0
 71
     5
 72
     1
  1
4.85
  7
LiberationSans
 73
     1
 44
1.0
  0
POINT
  5
24B
330
242
100
AcDbEntity
  8
Defpoints
 62
     0
100
AcDbPoint
 10
0.0
 20
6.130976
 30
0.0
  0
POINT
  5
24C
330
242
100
AcDbEntity
  8
Defpoints
 62
     0
100
AcDbPoint
 10
4.85
 20
6.170976
 30
0.0
  0
POINT
  5
24D
330
242
100
AcDbEntity
  8
Defpoints
 62
     0
100
AcDbPoint
 10
4.85
 20
7.000263
 30
0.0
  0
ENDBLK
  5
244
330
242
100
AcDbEntity
  8
0
100
AcDbBlockEnd
  0
ENDSEC
  0
SECTION
  2
ENTITIES
  0
LWPOLYLINE
  5
98
330
17
100
AcDbEntity
  8
hormigon
100
AcDbPolyline
 90
        5
 70
     0
 43
0.0
 10
-0.2
 20
0.0
 10
0.2
 20
0.0
 10
0.2
 20
-0.45
 10
-0.2
 20
-0.45
 10
-0.2
 20
0.0
  0
LWPOLYLINE
  5
99
330
17
100
AcDbEntity
  8
hormigon
100
AcDbPolyline
 90
        5
 70
     0
 43
0.0
 10
-0.935
 20
-0.45
 10
0.935
 20
-0.45
 10
0.935
 20
-0.8
 10
-0.935
 20
-0.8
 10
-0.935
 20
-0.45
  0
LINE
  5
9A
330
17
100
AcDbEntity
  8
recubrimiento
  6
MY_DASHED
100
AcDbLine
 10
-0.885
 20
-0.75
 30
0.0
 11
0.885
 21
-0.75
 31
0.0
  0
LINE
  5
9B
330
17
100
AcDbEntity
  8
armadura
100
AcDbLine
 10
-0.885
 20
-0.74
 30
0.0
 11
0.885
 21
-0.74
 31
0.0
  0
LINE
  5
9C
330
17
100
AcDbEntity
  8
armadura
100
AcDbLine
 10
-0.885
 20
-0.74
 30
0.0
 11
-0.885
 21
-0.64
 31
0.0
  0
LINE
  5
9D
330
17
100
AcDbEntity
  8
armadura
100
AcDbLine
 10
0.885
 20
-0.74
 30
0.0
 11
0.885
 21
-0.64
 31
0.0
  0
LINE
  5
9E
330
17
100
AcDbEntity
  8
armadura
100
AcDbLine
 10
-0.32
 20
-0.7
 30
0.0
 11
-0.12
 21
-0.7
 31
0.0
  0
LINE
  5
9F
330
17
100
AcDbEntity
  8
armadura
100
AcDbLine
 10
-0.12
 20
-0.7
 30
0.0
 11
-0.12
 21
0.6
 31
0.0
  0
LINE
  5
A0
330
17
100
AcDbEntity
  8
armadura
100
AcDbLine
 10
0.32
 20
-0.7
 30
0.0
 11
0.12
 21
-0.7
 31
0.0
  0
LINE
  5
A1
330
17
100
AcDbEntity
  8
armadura
100
AcDbLine
 10
0.12
 20
-0.7
 30
0.0
 11
0.12
 21
0.6
 31
0.0
  0
MTEXT
  5
A2
330
17
100
AcDbEntity
  8
texto
100
AcDbMText
 10
0.0
 20
-1.0
 30
0.0
 40
0.07
 41
0.0
 46
0.0
 71
     1
 72
     1
  1
B0-a
 73
     1
 44
1.0
  0
MTEXT
  5
A3
330
17
100
AcDbEntity
  8
texto
100
AcDbMText
 10
0.0
 20
-1.2
 30
0.0
 40
0.06
 41
0.0
 46
0.0
 71
     1
 72
     1
  1
Armadura zapata: Ø8 @20 cm, 9 barras/sentido\PZapata: lado 1.87 m, espesor 0.35 m\PTronco: 0.40 x 0.45 m\PPelos: 8 Ø12 mm, anclaje 0.36 m, empalme 0.60 m
 73
     1
 44
1.0
  0
LWPOLYLINE
  5
A4
330
17
100
AcDbEntity
  8
hormigon
100
AcDbPolyline
 90
        5
 70
     0
 43
0.0
 10
4.675
 20
0.0
 10
5.025
 20
0.0
 10
5.025
 20
-0.45
 10
4.675
 20
-0.45
 10
4.675
 20
0.0
  0
LWPOLYLINE
  5
A5
330
17
100
AcDbEntity
  8
hormigon
100
AcDbPolyline
 90
        5
 70
     0
 43
0.0
 10
4.0
 20
-0.45
 10
5.7
 20
-0.45
 10
5.7
 20
-0.8
 10
4.0
 20
-0.8
 10
4.0
 20
-0.45
  0
LINE
  5
A6
330
17
100
AcDbEntity
  8
recubrimiento
  6
MY_DASHED
100
AcDbLine
 10
4.05
 20
-0.75
 30
0.0
 11
5.65
 21
-0.75
 31
0.0
  0
LINE
  5
A7
330
17
100
AcDbEntity
  8
armadura
100
AcDbLine
 10
4.05
 20
-0.74
 30
0.0
 11
5.65
 21
-0.74
 31
0.0
  0
LINE
  5
A8
330
17
100
AcDbEntity
  8
armadura
100
AcDbLine
 10
4.05
 20
-0.74
 30
0.0
 11
4.05
 21
-0.64
 31
0.0
  0
LINE
  5
A9
330
17
100
AcDbEntity
  8
armadura
100
AcDbLine
 10
5.65
 20
-0.74
 30
0.0
 11
5.65
 21
-0.64
 31
0.0
  0
LINE
  5
AA
330
17
100
AcDbEntity
  8
armadura
100
AcDbLine
 10
4.555
 20
-0.7
 30
0.0
 11
4.755
 21
-0.7
 31
0.0
  0
LINE
  5
AB
330
17
100
AcDbEntity
  8
armadura
100
AcDbLine
 10
4.755
 20
-0.7
 30
0.0
 11
4.755
 21
1.0
 31
0.0
  0
LINE
  5
AC
330
17
100
AcDbEntity
  8
armadura
100
AcDbLine
 10
5.145
 20
-0.7
 30
0.0
 11
4.945
 21
-0.7
 31
0.0
  0
LINE
  5
AD
330
17
100
AcDbEntity
  8
armadura
100
AcDbLine
 10
4.945
 20
-0.7
 30
0.0
 11
4.945
 21
1.0
 31
0.0
  0
MTEXT
  5
AE
330
17
100
AcDbEntity
  8
texto
100
AcDbMText
 10
4.85
 20
-1.0
 30
0.0
 40
0.07
 41
0.0
 46
0.0
 71
     1
 72
     1
  1
B0-b
 73
     1
 44
1.0
  0
MTEXT
  5
AF
330
17
100
AcDbEntity
  8
texto
100
AcDbMText
 10
4.85
 20
-1.2
 30
0.0
 40
0.06
 41
0.0
 46
0.0
 71
     1
 72
     1
  1
Armadura zapata: Ø8 @20 cm, 8 barras/sentido\PZapata: lado 1.70 m, espesor 0.35 m\PTronco: 0.35 x 0.45 m\PPelos: 6 Ø20 mm, anclaje 0.60 m, empalme 1.00 m
 73
     1
 44
1.0
  0
LWPOLYLINE
  5
B0
330
17
100
AcDbEntity
  8
hormigon
100
AcDbPolyline
 90
        5
 70
     0
 43
0.0
 10
-0.15
 20
0.0
 10
0.15
 20
0.0
 10
0.15
 20
3.1
 10
-0.15
 20
3.1
 10
-0.15
 20
0.0
  0
LWPOLYLINE
  5
B1
330
17
100
AcDbEntity
  8
recubrimiento
  6
MY_DASHED
100
AcDbPolyline
 90
        5
 70
     0
 43
0.0
 10
-0.11
 20
0.04
 10
0.11
 20
0.04
 10
0.11
 20
3.06
 10
-0.11
 20
3.06
 10
-0.11
 20
0.04
  0
MTEXT
  5
B2
330
17
100
AcDbEntity
  8
texto
100
AcDbMText
 10
-0.25
 20
1.05
 30
0.0
 40
0.07
 41
0.0
 46
0.0
 71
     3
 72
     1
  1
C0-a (Ø30)
 73
     1
 44
1.0
  0
LINE
  5
B3
330
17
100
AcDbEntity
  8
sunchos
100
AcDbLine
 10
-0.11
 20
0.04
 30
0.0
 11
0.11
 21
0.122
 31
0.0
  0
LINE
  5
B4
330
17
100
AcDbEntity
  8
sunchos
100
AcDbLine
 10
0.11
 20
0.122
 30
0.0
 11
-0.11
 21
0.204
 31
0.0
  0
LINE
  5
B5
330
17
100
AcDbEntity
  8
sunchos
100
AcDbLine
 10
-0.11
 20
0.204
 30
0.0
 11
0.11
 21
0.286
 31
0.0
  0
LINE
  5
B6
330
17
100
AcDbEntity
  8
sunchos
100
AcDbLine
 10
0.11
 20
0.286
 30
0.0
 11
-0.11
 21
0.368
 31
0.0
  0
LINE
  5
B7
330
17
100
AcDbEntity
  8
sunchos
100
AcDbLine
 10
-0.11
 20
0.368
 30
0.0
 11
0.11
 21
0.45
 31
0.0
  0
LINE
  5
B8
330
17
100
AcDbEntity
  8
sunchos
100
AcDbLine
 10
0.11
 20
0.45
 30
0.0
 11
-0.11
 21
0.532
 31
0.0
  0
LINE
  5
B9
330
17
100
AcDbEntity
  8
sunchos
100
AcDbLine
 10
-0.11
 20
0.532
 30
0.0
 11
0.11
 21
0.614
 31
0.0
  0
LINE
  5
BA
330
17
100
AcDbEntity
  8
sunchos
100
AcDbLine
 10
0.11
 20
0.614
 30
0.0
 11
-0.11
 21
0.696
 31
0.0
  0
LINE
  5
BB
330
17
100
AcDbEntity
  8
sunchos
100
AcDbLine
 10
-0.11
 20
0.696
 30
0.0
 11
0.11
 21
0.778
 31
0.0
  0
LINE
  5
BC
330
17
100
AcDbEntity
  8
sunchos
100
AcDbLine
 10
0.11
 20
0.778
 30
0.0
 11
-0.11
 21
0.86
 31
0.0
  0
LINE
  5
BD
330
17
100
AcDbEntity
  8
sunchos
100
AcDbLine
 10
-0.11
 20
0.86
 30
0.0
 11
0.11
 21
0.942
 31
0.0
  0
LINE
  5
BE
330
17
100
AcDbEntity
  8
sunchos
100
AcDbLine
 10
0.11
 20
0.942
 30
0.0
 11
-0.11
 21
1.024
 31
0.0
  0
LINE
  5
BF
330
17
100
AcDbEntity
  8
sunchos
100
AcDbLine
 10
-0.11
 20
1.024
 30
0.0
 11
0.11
 21
1.106
 31
0.0
  0
LINE
  5
C0
330
17
100
AcDbEntity
  8
sunchos
100
AcDbLine
 10
0.11
 20
1.106
 30
0.0
 11
-0.11
 21
1.188
 31
0.0
  0
LINE
  5
C1
330
17
100
AcDbEntity
  8
sunchos
100
AcDbLine
 10
-0.11
 20
1.188
 30
0.0
 11
0.11
 21
1.27
 31
0.0
  0
LINE
  5
C2
330
17
100
AcDbEntity
  8
sunchos
100
AcDbLine
 10
0.11
 20
1.27
 30
0.0
 11
-0.11
 21
1.352
 31
0.0
  0
LINE
  5
C3
330
17
100
AcDbEntity
  8
sunchos
100
AcDbLine
 10
-0.11
 20
1.352
 30
0.0
 11
0.11
 21
1.434
 31
0.0
  0
LINE
  5
C4
330
17
100
AcDbEntity
  8
sunchos
100
AcDbLine
 10
0.11
 20
1.434
 30
0.0
 11
-0.11
 21
1.516
 31
0.0
  0
LINE
  5
C5
330
17
100
AcDbEntity
  8
sunchos
100
AcDbLine
 10
-0.11
 20
1.516
 30
0.0
 11
0.11
 21
1.598
 31
0.0
  0
LINE
  5
C6
330
17
100
AcDbEntity
  8
sunchos
100
AcDbLine
 10
0.11
 20
1.598
 30
0.0
 11
-0.11
 21
1.68
 31
0.0
  0
LINE
  5
C7
330
17
100
AcDbEntity
  8
sunchos
100
AcDbLine
 10
-0.11
 20
1.68
 30
0.0
 11
0.11
 21
1.762
 31
0.0
  0
LINE
  5
C8
330
17
100
AcDbEntity
  8
sunchos
100
AcDbLine
 10
0.11
 20
1.762
 30
0.0
 11
-0.11
 21
1.844
 31
0.0
  0
LINE
  5
C9
330
17
100
AcDbEntity
  8
sunchos
100
AcDbLine
 10
-0.11
 20
1.844
 30
0.0
 11
0.11
 21
1.926
 31
0.0
  0
LINE
  5
CA
330
17
100
AcDbEntity
  8
sunchos
100
AcDbLine
 10
0.11
 20
1.926
 30
0.0
 11
-0.11
 21
2.008
 31
0.0
  0
LINE
  5
CB
330
17
100
AcDbEntity
  8
sunchos
100
AcDbLine
 10
-0.11
 20
2.008
 30
0.0
 11
0.11
 21
2.09
 31
0.0
  0
LINE
  5
CC
330
17
100
AcDbEntity
  8
sunchos
100
AcDbLine
 10
0.11
 20
2.09
 30
0.0
 11
-0.11
 21
2.172
 31
0.0
  0
LINE
  5
CD
330
17
100
AcDbEntity
  8
sunchos
100
AcDbLine
 10
-0.11
 20
2.172
 30
0.0
 11
0.11
 21
2.254
 31
0.0
  0
LINE
  5
CE
330
17
100
AcDbEntity
  8
sunchos
100
AcDbLine
 10
0.11
 20
2.254
 30
0.0
 11
-0.11
 21
2.336
 31
0.0
  0
LINE
  5
CF
330
17
100
AcDbEntity
  8
sunchos
100
AcDbLine
 10
-0.11
 20
2.336
 30
0.0
 11
0.11
 21
2.418
 31
0.0
  0
LINE
  5
D0
330
17
100
AcDbEntity
  8
sunchos
100
AcDbLine
 10
0.11
 20
2.418
 30
0.0
 11
-0.11
 21
2.5
 31
0.0
  0
LINE
  5
D1
330
17
100
AcDbEntity
  8
sunchos
100
AcDbLine
 10
-0.11
 20
2.5
 30
0.0
 11
0.11
 21
2.582
 31
0.0
  0
LINE
  5
D2
330
17
100
AcDbEntity
  8
sunchos
100
AcDbLine
 10
0.11
 20
2.582
 30
0.0
 11
-0.11
 21
2.664
 31
0.0
  0
LINE
  5
D3
330
17
100
AcDbEntity
  8
sunchos
100
AcDbLine
 10
-0.11
 20
2.664
 30
0.0
 11
0.11
 21
2.746
 31
0.0
  0
LINE
  5
D4
330
17
100
AcDbEntity
  8
sunchos
100
AcDbLine
 10
0.11
 20
2.746
 30
0.0
 11
-0.11
 21
2.828
 31
0.0
  0
LINE
  5
D5
330
17
100
AcDbEntity
  8
sunchos
100
AcDbLine
 10
-0.11
 20
2.828
 30
0.0
 11
0.11
 21
2.91
 31
0.0
  0
LINE
  5
D6
330
17
100
AcDbEntity
  8
sunchos
100
AcDbLine
 10
0.11
 20
2.91
 30
0.0
 11
-0.11
 21
2.992
 31
0.0
  0
LINE
  5
D7
330
17
100
AcDbEntity
  8
sunchos
100
AcDbLine
 10
-0.11
 20
2.992
 30
0.0
 11
0.11
 21
3.074
 31
0.0
  0
MTEXT
  5
D8
330
17
100
AcDbEntity
  8
texto
100
AcDbMText
 10
-0.25
 20
0.9
 30
0.0
 40
0.06
 41
0.0
 46
0.0
 71
     3
 72
     1
  1
8Ø12  est Ø10 c/8
 73
     1
 44
1.0
  0
LWPOLYLINE
  5
D9
330
17
100
AcDbEntity
  8
hormigon
100
AcDbPolyline
 90
        5
 70
     0
 43
0.0
 10
4.7105
 20
0.0
 10
4.9895
 20
0.0
 10
4.9895
 20
3.1
 10
4.7105
 20
3.1
 10
4.7105
 20
0.0
  0
LWPOLYLINE
  5
DA
330
17
100
AcDbEntity
  8
recubrimiento
  6
MY_DASHED
100
AcDbPolyline
 90
        5
 70
     0
 43
0.0
 10
4.7505
 20
0.04
 10
4.9495
 20
0.04
 10
4.9495
 20
3.06
 10
4.7505
 20
3.06
 10
4.7505
 20
0.04
  0
MTEXT
  5
DB
330
17
100
AcDbEntity
  8
texto
100
AcDbMText
 10
4.6105
 20
1.05
 30
0.0
 40
0.07
 41
0.0
 46
0.0
 71
     3
 72
     1
  1
C0-b (20x27)
 73
     1
 44
1.0
  0
LINE
  5
DC
330
17
100
AcDbEntity
  8
estribos
100
AcDbLine
 10
4.7505
 20
0.04
 30
0.0
 11
4.9495
 21
0.04
 31
0.0
  0
LINE
  5
DD
330
17
100
AcDbEntity
  8
estribos
100
AcDbLine
 10
4.7505
 20
0.24
 30
0.0
 11
4.9495
 21
0.24
 31
0.0
  0
LINE
  5
DE
330
17
100
AcDbEntity
  8
estribos
100
AcDbLine
 10
4.7505
 20
0.44
 30
0.0
 11
4.9495
 21
0.44
 31
0.0
  0
LINE
  5
DF
330
17
100
AcDbEntity
  8
estribos
100
AcDbLine
 10
4.7505
 20
0.64
 30
0.0
 11
4.9495
 21
0.64
 31
0.0
  0
LINE
  5
E0
330
17
100
AcDbEntity
  8
estribos
100
AcDbLine
 10
4.7505
 20
0.84
 30
0.0
 11
4.9495
 21
0.84
 31
0.0
  0
LINE
  5
E1
330
17
100
AcDbEntity
  8
estribos
100
AcDbLine
 10
4.7505
 20
1.04
 30
0.0
 11
4.9495
 21
1.04
 31
0.0
  0
LINE
  5
E2
330
17
100
AcDbEntity
  8
estribos
100
AcDbLine
 10
4.7505
 20
1.24
 30
0.0
 11
4.9495
 21
1.24
 31
0.0
  0
LINE
  5
E3
330
17
100
AcDbEntity
  8
estribos
100
AcDbLine
 10
4.7505
 20
1.44
 30
0.0
 11
4.9495
 21
1.44
 31
0.0
  0
LINE
  5
E4
330
17
100
AcDbEntity
  8
estribos
100
AcDbLine
 10
4.7505
 20
1.64
 30
0.0
 11
4.9495
 21
1.64
 31
0.0
  0
LINE
  5
E5
330
17
100
AcDbEntity
  8
estribos
100
AcDbLine
 10
4.7505
 20
1.84
 30
0.0
 11
4.9495
 21
1.84
 31
0.0
  0
LINE
  5
E6
330
17
100
AcDbEntity
  8
estribos
100
AcDbLine
 10
4.7505
 20
2.04
 30
0.0
 11
4.9495
 21
2.04
 31
0.0
  0
LINE
  5
E7
330
17
100
AcDbEntity
  8
estribos
100
AcDbLine
 10
4.7505
 20
2.24
 30
0.0
 11
4.9495
 21
2.24
 31
0.0
  0
LINE
  5
E8
330
17
100
AcDbEntity
  8
estribos
100
AcDbLine
 10
4.7505
 20
2.44
 30
0.0
 11
4.9495
 21
2.44
 31
0.0
  0
LINE
  5
E9
330
17
100
AcDbEntity
  8
estribos
100
AcDbLine
 10
4.7505
 20
2.64
 30
0.0
 11
4.9495
 21
2.64
 31
0.0
  0
LINE
  5
EA
330
17
100
AcDbEntity
  8
estribos
100
AcDbLine
 10
4.7505
 20
2.84
 30
0.0
 11
4.9495
 21
2.84
 31
0.0
  0
LINE
  5
EB
330
17
100
AcDbEntity
  8
estribos
100
AcDbLine
 10
4.7505
 20
3.04
 30
0.0
 11
4.9495
 21
3.04
 31
0.0
  0
MTEXT
  5
EC
330
17
100
AcDbEntity
  8
texto
100
AcDbMText
 10
4.6105
 20
0.9
 30
0.0
 40
0.06
 41
0.0
 46
0.0
 71
     3
 72
     1
  1
6Ø20  est Ø8 c/20
 73
     1
 44
1.0
  0
LWPOLYLINE
  5
ED
330
17
100
AcDbEntity
  8
hormigon
100
AcDbPolyline
 90
        5
 70
     0
 43
0.0
 10
-0.1365
 20
3.1
 10
0.1365
 20
3.1
 10
0.1365
 20
6.0
 10
-0.1365
 20
6.0
 10
-0.1365
 20
3.1
  0
LWPOLYLINE
  5
EE
330
17
100
AcDbEntity
  8
recubrimiento
  6
MY_DASHED
100
AcDbPolyline
 90
        5
 70
     0
 43
0.0
 10
-0.0965
 20
3.14
 10
0.0965
 20
3.14
 10
0.0965
 20
5.96
 10
-0.0965
 20
5.96
 10
-0.0965
 20
3.14
  0
MTEXT
  5
EF
330
17
100
AcDbEntity
  8
texto
100
AcDbMText
 10
-0.2365
 20
4.15
 30
0.0
 40
0.07
 41
0.0
 46
0.0
 71
     3
 72
     1
  1
C1-a (20x27)
 73
     1
 44
1.0
  0
LINE
  5
F0
330
17
100
AcDbEntity
  8
estribos
100
AcDbLine
 10
-0.0965
 20
3.14
 30
0.0
 11
0.0965
 21
3.14
 31
0.0
  0
LINE
  5
F1
330
17
100
AcDbEntity
  8
estribos
100
AcDbLine
 10
-0.0965
 20
3.34
 30
0.0
 11
0.0965
 21
3.34
 31
0.0
  0
LINE
  5
F2
330
17
100
AcDbEntity
  8
estribos
100
AcDbLine
 10
-0.0965
 20
3.54
 30
0.0
 11
0.0965
 21
3.54
 31
0.0
  0
LINE
  5
F3
330
17
100
AcDbEntity
  8
estribos
100
AcDbLine
 10
-0.0965
 20
3.74
 30
0.0
 11
0.0965
 21
3.74
 31
0.0
  0
LINE
  5
F4
330
17
100
AcDbEntity
  8
estribos
100
AcDbLine
 10
-0.0965
 20
3.94
 30
0.0
 11
0.0965
 21
3.94
 31
0.0
  0
LINE
  5
F5
330
17
100
AcDbEntity
  8
estribos
100
AcDbLine
 10
-0.0965
 20
4.14
 30
0.0
 11
0.0965
 21
4.14
 31
0.0
  0
LINE
  5
F6
330
17
100
AcDbEntity
  8
estribos
100
AcDbLine
 10
-0.0965
 20
4.34
 30
0.0
 11
0.0965
 21
4.34
 31
0.0
  0
LINE
  5
F7
330
17
100
AcDbEntity
  8
estribos
100
AcDbLine
 10
-0.0965
 20
4.54
 30
0.0
 11
0.0965
 21
4.54
 31
0.0
  0
LINE
  5
F8
330
17
100
AcDbEntity
  8
estribos
100
AcDbLine
 10
-0.0965
 20
4.74
 30
0.0
 11
0.0965
 21
4.74
 31
0.0
  0
LINE
  5
F9
330
17
100
AcDbEntity
  8
estribos
100
AcDbLine
 10
-0.0965
 20
4.94
 30
0.0
 11
0.0965
 21
4.94
 31
0.0
  0
LINE
  5
FA
330
17
100
AcDbEntity
  8
estribos
100
AcDbLine
 10
-0.0965
 20
5.14
 30
0.0
 11
0.0965
 21
5.14
 31
0.0
  0
LINE
  5
FB
330
17
100
AcDbEntity
  8
estribos
100
AcDbLine
 10
-0.0965
 20
5.34
 30
0.0
 11
0.0965
 21
5.34
 31
0.0
  0
LINE
  5
FC
330
17
100
AcDbEntity
  8
estribos
100
AcDbLine
 10
-0.0965
 20
5.54
 30
0.0
 11
0.0965
 21
5.54
 31
0.0
  0
LINE
  5
FD
330
17
100
AcDbEntity
  8
estribos
100
AcDbLine
 10
-0.0965
 20
5.74
 30
0.0
 11
0.0965
 21
5.74
 31
0.0
  0
LINE
  5
FE
330
17
100
AcDbEntity
  8
estribos
100
AcDbLine
 10
-0.0965
 20
5.94
 30
0.0
 11
0.0965
 21
5.94
 31
0.0
  0
MTEXT
  5
FF
330
17
100
AcDbEntity
  8
texto
100
AcDbMText
 10
-0.2365
 20
4.0
 30
0.0
 40
0.06
 41
0.0
 46
0.0
 71
     3
 72
     1
  1
4Ø20  est Ø8 c/20
 73
     1
 44
1.0
  0
LWPOLYLINE
  5
100
330
17
100
AcDbEntity
  8
hormigon
100
AcDbPolyline
 90
        5
 70
     0
 43
0.0
 10
4.7135
 20
3.1
 10
4.9865
 20
3.1
 10
4.9865
 20
6.0
 10
4.7135
 20
6.0
 10
4.7135
 20
3.1
  0
LWPOLYLINE
  5
101
330
17
100
AcDbEntity
  8
recubrimiento
  6
MY_DASHED
100
AcDbPolyline
 90
        5
 70
     0
 43
0.0
 10
4.7535
 20
3.14
 10
4.9465
 20
3.14
 10
4.9465
 20
5.96
 10
4.7535
 20
5.96
 10
4.7535
 20
3.14
  0
MTEXT
  5
102
330
17
100
AcDbEntity
  8
texto
100
AcDbMText
 10
4.6135
 20
4.15
 30
0.0
 40
0.07
 41
0.0
 46
0.0
 71
     3
 72
     1
  1
C1-b (20x27)
 73
     1
 44
1.0
  0
LINE
  5
103
330
17
100
AcDbEntity
  8
estribos
100
AcDbLine
 10
4.7535
 20
3.14
 30
0.0
 11
4.9465
 21
3.14
 31
0.0
  0
LINE
  5
104
330
17
100
AcDbEntity
  8
estribos
100
AcDbLine
 10
4.7535
 20
3.34
 30
0.0
 11
4.9465
 21
3.34
 31
0.0
  0
LINE
  5
105
330
17
100
AcDbEntity
  8
estribos
100
AcDbLine
 10
4.7535
 20
3.54
 30
0.0
 11
4.9465
 21
3.54
 31
0.0
  0
LINE
  5
106
330
17
100
AcDbEntity
  8
estribos
100
AcDbLine
 10
4.7535
 20
3.74
 30
0.0
 11
4.9465
 21
3.74
 31
0.0
  0
LINE
  5
107
330
17
100
AcDbEntity
  8
estribos
100
AcDbLine
 10
4.7535
 20
3.94
 30
0.0
 11
4.9465
 21
3.94
 31
0.0
  0
LINE
  5
108
330
17
100
AcDbEntity
  8
estribos
100
AcDbLine
 10
4.7535
 20
4.14
 30
0.0
 11
4.9465
 21
4.14
 31
0.0
  0
LINE
  5
109
330
17
100
AcDbEntity
  8
estribos
100
AcDbLine
 10
4.7535
 20
4.34
 30
0.0
 11
4.9465
 21
4.34
 31
0.0
  0
LINE
  5
10A
330
17
100
AcDbEntity
  8
estribos
100
AcDbLine
 10
4.7535
 20
4.54
 30
0.0
 11
4.9465
 21
4.54
 31
0.0
  0
LINE
  5
10B
330
17
100
AcDbEntity
  8
estribos
100
AcDbLine
 10
4.7535
 20
4.74
 30
0.0
 11
4.9465
 21
4.74
 31
0.0
  0
LINE
  5
10C
330
17
100
AcDbEntity
  8
estribos
100
AcDbLine
 10
4.7535
 20
4.94
 30
0.0
 11
4.9465
 21
4.94
 31
0.0
  0
LINE
  5
10D
330
17
100
AcDbEntity
  8
estribos
100
AcDbLine
 10
4.7535
 20
5.14
 30
0.0
 11
4.9465
 21
5.14
 31
0.0
  0
LINE
  5
10E
330
17
100
AcDbEntity
  8
estribos
100
AcDbLine
 10
4.7535
 20
5.34
 30
0.0
 11
4.9465
 21
5.34
 31
0.0
  0
LINE
  5
10F
330
17
100
AcDbEntity
  8
estribos
100
AcDbLine
 10
4.7535
 20
5.54
 30
0.0
 11
4.9465
 21
5.54
 31
0.0
  0
LINE
  5
110
330
17
100
AcDbEntity
  8
estribos
100
AcDbLine
 10
4.7535
 20
5.74
 30
0.0
 11
4.9465
 21
5.74
 31
0.0
  0
LINE
  5
111
330
17
100
AcDbEntity
  8
estribos
100
AcDbLine
 10
4.7535
 20
5.94
 30
0.0
 11
4.9465
 21
5.94
 31
0.0
  0
MTEXT
  5
112
330
17
100
AcDbEntity
  8
texto
100
AcDbMText
 10
4.6135
 20
4.0
 30
0.0
 40
0.06
 41
0.0
 46
0.0
 71
     3
 72
     1
  1
8Ø20  est Ø8 c/20
 73
     1
 44
1.0
  0
LWPOLYLINE
  5
113
330
17
100
AcDbEntity
  8
hormigon
100
AcDbPolyline
 90
        5
 70
     0
 43
0.0
 10
0.0
 20
2.905
 10
4.85
 20
2.905
 10
4.85
 20
3.295
 10
0.0
 20
3.295
 10
0.0
 20
2.905
  0
LINE
  5
114
330
17
100
AcDbEntity
  8
recubrimiento
  6
MY_DASHED
100
AcDbLine
 10
0.0
 20
3.255
 30
0.0
 11
4.85
 21
3.255
 31
0.0
  0
LINE
  5
115
330
17
100
AcDbEntity
  8
recubrimiento
  6
MY_DASHED
100
AcDbLine
 10
0.0
 20
2.945
 30
0.0
 11
4.85
 21
2.945
 31
0.0
  0
LWPOLYLINE
  5
116
330
17
100
AcDbEntity
  8
armadura
370
    13
100
AcDbPolyline
 90
        3
 70
     0
 43
0.0
 10
0.0
 20
2.505
 10
0.95
 20
2.505
 10
0.95
 20
2.405
  0
MTEXT
  5
117
330
17
100
AcDbEntity
  8
texto
100
AcDbMText
 10
0.475
 20
2.555
 30
0.0
 40
0.05
 41
0.0
 46
0.0
 71
     5
 72
     1
  1
5Ø10 | Sup. apoyo izq | L=0.95m
 73
     1
 44
1.0
  0
LWPOLYLINE
  5
118
330
17
100
AcDbEntity
  8
armadura
370
    13
100
AcDbPolyline
 90
        4
 70
     0
 43
0.0
 10
0.359279
 20
1.975721
 10
0.43
 20
1.905
 10
3.76
 20
1.905
 10
3.830721
 20
1.975721
  0
MTEXT
  5
119
330
17
100
AcDbEntity
  8
texto
100
AcDbMText
 10
2.095
 20
1.955
 30
0.0
 40
0.05
 41
0.0
 46
0.0
 71
     5
 72
     1
  1
3Ø10 | Inf. tramo | L=3.33m
 73
     1
 44
1.0
  0
LWPOLYLINE
  5
11A
330
17
100
AcDbEntity
  8
armadura
370
    13
100
AcDbPolyline
 90
        4
 70
     0
 43
0.0
 10
-0.070721
 20
1.775721
 10
0.0
 20
1.705
 10
4.85
 20
1.705
 10
4.920721
 20
1.775721
  0
MTEXT
  5
11B
330
17
100
AcDbEntity
  8
texto
100
AcDbMText
 10
2.425
 20
1.755
 30
0.0
 40
0.05
 41
0.0
 46
0.0
 71
     5
 72
     1
  1
3Ø10 | Inf. tramo completo | L=5.09m
 73
     1
 44
1.0
  0
LWPOLYLINE
  5
11C
330
17
100
AcDbEntity
  8
armadura
370
    20
100
AcDbPolyline
 90
        3
 70
     0
 43
0.0
 10
2.84
 20
2.405
 10
2.84
 20
2.505
 10
4.85
 20
2.505
  0
MTEXT
  5
11D
330
17
100
AcDbEntity
  8
texto
100
AcDbMText
 10
3.845
 20
2.555
 30
0.0
 40
0.05
 41
0.0
 46
0.0
 71
     5
 72
     1
  1
4Ø20 | Sup. apoyo der | L=2.01m
 73
     1
 44
1.0
  0
LWPOLYLINE
  5
11E
330
17
100
AcDbEntity
  8
armadura
370
     9
100
AcDbPolyline
 90
        4
 70
     0
 43
0.0
 10
0.0
 20
2.205
 10
0.0
 20
2.305
 10
5.09
 20
2.305
 10
5.09
 20
2.205
  0
MTEXT
  5
11F
330
17
100
AcDbEntity
  8
texto
100
AcDbMText
 10
2.545
 20
2.355
 30
0.0
 40
0.05
 41
0.0
 46
0.0
 71
     5
 72
     1
  1
2Ø8 | Auxiliar superior | L=5.09m
 73
     1
 44
1.0
  0
LINE
  5
120
330
17
100
AcDbEntity
  8
estribos
100
AcDbLine
 10
0.0
 20
2.945
 30
0.0
 11
0.0
 21
3.255
 31
0.0
  0
LINE
  5
121
330
17
100
AcDbEntity
  8
estribos
100
AcDbLine
 10
0.16
 20
2.945
 30
0.0
 11
0.16
 21
3.255
 31
0.0
  0
LINE
  5
122
330
17
100
AcDbEntity
  8
estribos
100
AcDbLine
 10
0.32
 20
2.945
 30
0.0
 11
0.32
 21
3.255
 31
0.0
  0
LINE
  5
123
330
17
100
AcDbEntity
  8
estribos
100
AcDbLine
 10
0.48
 20
2.945
 30
0.0
 11
0.48
 21
3.255
 31
0.0
  0
LINE
  5
124
330
17
100
AcDbEntity
  8
estribos
100
AcDbLine
 10
0.64
 20
2.945
 30
0.0
 11
0.64
 21
3.255
 31
0.0
  0
LINE
  5
125
330
17
100
AcDbEntity
  8
estribos
100
AcDbLine
 10
0.8
 20
2.945
 30
0.0
 11
0.8
 21
3.255
 31
0.0
  0
LINE
  5
126
330
17
100
AcDbEntity
  8
estribos
100
AcDbLine
 10
0.96
 20
2.945
 30
0.0
 11
0.96
 21
3.255
 31
0.0
  0
MTEXT
  5
127
330
17
100
AcDbEntity
  8
texto
100
AcDbMText
 10
0.52
 20
3.545
 30
0.0
 40
0.05
 41
0.0
 46
0.0
 71
     5
 72
     1
  1
Estribo apoyo_izq | Ø6 c/16cm
 73
     1
 44
1.0
  0
LINE
  5
128
330
17
100
AcDbEntity
  8
cotas
100
AcDbLine
 10
0.0
 20
3.495
 30
0.0
 11
1.04
 21
3.495
 31
0.0
  0
LINE
  5
129
330
17
100
AcDbEntity
  8
cotas
100
AcDbLine
 10
0.0
 20
3.495
 30
0.0
 11
0.0
 21
3.445
 31
0.0
  0
LINE
  5
12A
330
17
100
AcDbEntity
  8
cotas
100
AcDbLine
 10
1.04
 20
3.495
 30
0.0
 11
1.04
 21
3.445
 31
0.0
  0
MTEXT
  5
12B
330
17
100
AcDbEntity
  8
cotas
100
AcDbMText
 10
0.52
 20
3.345
 30
0.0
 40
0.05
 41
0.0
 46
0.0
 71
     5
 72
     1
  1
1.04 m
 73
     1
 44
1.0
  0
LINE
  5
12C
330
17
100
AcDbEntity
  8
estribos
100
AcDbLine
 10
1.04
 20
2.945
 30
0.0
 11
1.04
 21
3.255
 31
0.0
  0
LINE
  5
12D
330
17
100
AcDbEntity
  8
estribos
100
AcDbLine
 10
1.2
 20
2.945
 30
0.0
 11
1.2
 21
3.255
 31
0.0
  0
LINE
  5
12E
330
17
100
AcDbEntity
  8
estribos
100
AcDbLine
 10
1.36
 20
2.945
 30
0.0
 11
1.36
 21
3.255
 31
0.0
  0
LINE
  5
12F
330
17
100
AcDbEntity
  8
estribos
100
AcDbLine
 10
1.52
 20
2.945
 30
0.0
 11
1.52
 21
3.255
 31
0.0
  0
LINE
  5
130
330
17
100
AcDbEntity
  8
estribos
100
AcDbLine
 10
1.68
 20
2.945
 30
0.0
 11
1.68
 21
3.255
 31
0.0
  0
LINE
  5
131
330
17
100
AcDbEntity
  8
estribos
100
AcDbLine
 10
1.84
 20
2.945
 30
0.0
 11
1.84
 21
3.255
 31
0.0
  0
LINE
  5
132
330
17
100
AcDbEntity
  8
estribos
100
AcDbLine
 10
2.0
 20
2.945
 30
0.0
 11
2.0
 21
3.255
 31
0.0
  0
LINE
  5
133
330
17
100
AcDbEntity
  8
estribos
100
AcDbLine
 10
2.16
 20
2.945
 30
0.0
 11
2.16
 21
3.255
 31
0.0
  0
LINE
  5
134
330
17
100
AcDbEntity
  8
estribos
100
AcDbLine
 10
2.32
 20
2.945
 30
0.0
 11
2.32
 21
3.255
 31
0.0
  0
LINE
  5
135
330
17
100
AcDbEntity
  8
estribos
100
AcDbLine
 10
2.48
 20
2.945
 30
0.0
 11
2.48
 21
3.255
 31
0.0
  0
LINE
  5
136
330
17
100
AcDbEntity
  8
estribos
100
AcDbLine
 10
2.64
 20
2.945
 30
0.0
 11
2.64
 21
3.255
 31
0.0
  0
LINE
  5
137
330
17
100
AcDbEntity
  8
estribos
100
AcDbLine
 10
2.8
 20
2.945
 30
0.0
 11
2.8
 21
3.255
 31
0.0
  0
LINE
  5
138
330
17
100
AcDbEntity
  8
estribos
100
AcDbLine
 10
2.96
 20
2.945
 30
0.0
 11
2.96
 21
3.255
 31
0.0
  0
LINE
  5
139
330
17
100
AcDbEntity
  8
estribos
100
AcDbLine
 10
3.12
 20
2.945
 30
0.0
 11
3.12
 21
3.255
 31
0.0
  0
MTEXT
  5
13A
330
17
100
AcDbEntity
  8
texto
100
AcDbMText
 10
2.145
 20
3.545
 30
0.0
 40
0.05
 41
0.0
 46
0.0
 71
     5
 72
     1
  1
Estribo central | Ø6 c/16cm
 73
     1
 44
1.0
  0
LINE
  5
13B
330
17
100
AcDbEntity
  8
cotas
100
AcDbLine
 10
1.04
 20
3.495
 30
0.0
 11
3.25
 21
3.495
 31
0.0
  0
LINE
  5
13C
330
17
100
AcDbEntity
  8
cotas
100
AcDbLine
 10
1.04
 20
3.495
 30
0.0
 11
1.04
 21
3.445
 31
0.0
  0
LINE
  5
13D
330
17
100
AcDbEntity
  8
cotas
100
AcDbLine
 10
3.25
 20
3.495
 30
0.0
 11
3.25
 21
3.445
 31
0.0
  0
MTEXT
  5
13E
330
17
100
AcDbEntity
  8
cotas
100
AcDbMText
 10
2.145
 20
3.345
 30
0.0
 40
0.05
 41
0.0
 46
0.0
 71
     5
 72
     1
  1
2.21 m
 73
     1
 44
1.0
  0
LINE
  5
13F
330
17
100
AcDbEntity
  8
estribos
100
AcDbLine
 10
3.25
 20
2.945
 30
0.0
 11
3.25
 21
3.255
 31
0.0
  0
LINE
  5
140
330
17
100
AcDbEntity
  8
estribos
100
AcDbLine
 10
3.37
 20
2.945
 30
0.0
 11
3.37
 21
3.255
 31
0.0
  0
LINE
  5
141
330
17
100
AcDbEntity
  8
estribos
100
AcDbLine
 10
3.49
 20
2.945
 30
0.0
 11
3.49
 21
3.255
 31
0.0
  0
LINE
  5
142
330
17
100
AcDbEntity
  8
estribos
100
AcDbLine
 10
3.61
 20
2.945
 30
0.0
 11
3.61
 21
3.255
 31
0.0
  0
LINE
  5
143
330
17
100
AcDbEntity
  8
estribos
100
AcDbLine
 10
3.73
 20
2.945
 30
0.0
 11
3.73
 21
3.255
 31
0.0
  0
LINE
  5
144
330
17
100
AcDbEntity
  8
estribos
100
AcDbLine
 10
3.85
 20
2.945
 30
0.0
 11
3.85
 21
3.255
 31
0.0
  0
LINE
  5
145
330
17
100
AcDbEntity
  8
estribos
100
AcDbLine
 10
3.97
 20
2.945
 30
0.0
 11
3.97
 21
3.255
 31
0.0
  0
LINE
  5
146
330
17
100
AcDbEntity
  8
estribos
100
AcDbLine
 10
4.09
 20
2.945
 30
0.0
 11
4.09
 21
3.255
 31
0.0
  0
LINE
  5
147
330
17
100
AcDbEntity
  8
estribos
100
AcDbLine
 10
4.21
 20
2.945
 30
0.0
 11
4.21
 21
3.255
 31
0.0
  0
LINE
  5
148
330
17
100
AcDbEntity
  8
estribos
100
AcDbLine
 10
4.33
 20
2.945
 30
0.0
 11
4.33
 21
3.255
 31
0.0
  0
LINE
  5
149
330
17
100
AcDbEntity
  8
estribos
100
AcDbLine
 10
4.45
 20
2.945
 30
0.0
 11
4.45
 21
3.255
 31
0.0
  0
LINE
  5
14A
330
17
100
AcDbEntity
  8
estribos
100
AcDbLine
 10
4.57
 20
2.945
 30
0.0
 11
4.57
 21
3.255
 31
0.0
  0
LINE
  5
14B
330
17
100
AcDbEntity
  8
estribos
100
AcDbLine
 10
4.69
 20
2.945
 30
0.0
 11
4.69
 21
3.255
 31
0.0
  0
LINE
  5
14C
330
17
100
AcDbEntity
  8
estribos
100
AcDbLine
 10
4.81
 20
2.945
 30
0.0
 11
4.81
 21
3.255
 31
0.0
  0
MTEXT
  5
14D
330
17
100
AcDbEntity
  8
texto
100
AcDbMText
 10
4.05
 20
3.545
 30
0.0
 40
0.05
 41
0.0
 46
0.0
 71
     5
 72
     1
  1
Estribo apoyo_der | Ø6 c/12cm
 73
     1
 44
1.0
  0
LINE
  5
14E
330
17
100
AcDbEntity
  8
cotas
100
AcDbLine
 10
3.25
 20
3.495
 30
0.0
 11
4.85
 21
3.495
 31
0.0
  0
LINE
  5
14F
330
17
100
AcDbEntity
  8
cotas
100
AcDbLine
 10
3.25
 20
3.495
 30
0.0
 11
3.25
 21
3.445
 31
0.0
  0
LINE
  5
150
330
17
100
AcDbEntity
  8
cotas
100
AcDbLine
 10
4.85
 20
3.495
 30
0.0
 11
4.85
 21
3.445
 31
0.0
  0
MTEXT
  5
151
330
17
100
AcDbEntity
  8
cotas
100
AcDbMText
 10
4.05
 20
3.345
 30
0.0
 40
0.05
 41
0.0
 46
0.0
 71
     5
 72
     1
  1
1.60 m
 73
     1
 44
1.0
  0
LINE
  5
152
330
17
100
AcDbEntity
  8
puntos_inflexion
  6
MY_DOT
100
AcDbLine
 10
0.55
 20
1.305
 30
0.0
 11
0.55
 21
3.695
 31
0.0
  0
MTEXT
  5
153
330
17
100
AcDbEntity
  8
texto
100
AcDbMText
 10
0.55
 20
3.795
 30
0.0
 40
0.06
 41
0.0
 46
0.0
 71
     5
 72
     1
  1
P.I.
 73
     1
 44
1.0
  0
LINE
  5
154
330
17
100
AcDbEntity
  8
puntos_inflexion
  6
MY_DOT
100
AcDbLine
 10
3.64
 20
1.305
 30
0.0
 11
3.64
 21
3.695
 31
0.0
  0
MTEXT
  5
155
330
17
100
AcDbEntity
  8
texto
100
AcDbMText
 10
3.64
 20
3.795
 30
0.0
 40
0.06
 41
0.0
 46
0.0
 71
     5
 72
     1
  1
P.I.
 73
     1
 44
1.0
  0
MTEXT
  5
156
330
17
100
AcDbEntity
  8
texto
100
AcDbMText
 10
2.425
 20
3.795
 30
0.0
 40
0.07
 41
0.0
 46
0.0
 71
     5
 72
     1
  1
V0-1 T1 (20x39)
 73
     1
 44
1.0
  0
LWPOLYLINE
  5
157
330
17
100
AcDbEntity
  8
hormigon
100
AcDbPolyline
 90
        5
 70
     0
 43
0.0
 10
-0.8
 20
2.905
 10
0.0
 20
2.905
 10
0.0
 20
3.295
 10
-0.8
 20
3.295
 10
-0.8
 20
2.905
  0
LINE
  5
158
330
17
100
AcDbEntity
  8
recubrimiento
  6
MY_DASHED
100
AcDbLine
 10
-0.8
 20
3.255
 30
0.0
 11
0.0
 21
3.255
 31
0.0
  0
LINE
  5
159
330
17
100
AcDbEntity
  8
recubrimiento
  6
MY_DASHED
100
AcDbLine
 10
-0.8
 20
2.945
 30
0.0
 11
0.0
 21
2.945
 31
0.0
  0
LWPOLYLINE
  5
15A
330
17
100
AcDbEntity
  8
armadura
370
     9
100
AcDbPolyline
 90
        2
 70
     0
 43
0.0
 10
-0.8
 20
2.705
 10
0.32
 20
2.705
  0
MTEXT
  5
15B
330
17
100
AcDbEntity
  8
texto
100
AcDbMText
 10
-0.24
 20
2.755
 30
0.0
 40
0.05
 41
0.0
 46
0.0
 71
     5
 72
     1
  1
6Ø8 | Sup. voladizo | L=1.12m
 73
     1
 44
1.0
  0
LWPOLYLINE
  5
15C
330
17
100
AcDbEntity
  8
armadura
370
    13
100
AcDbPolyline
 90
        2
 70
     0
 43
0.0
 10
-0.8
 20
1.505
 10
0.0
 20
1.505
  0
MTEXT
  5
15D
330
17
100
AcDbEntity
  8
texto
100
AcDbMText
 10
-0.4
 20
1.555
 30
0.0
 40
0.05
 41
0.0
 46
0.0
 71
     5
 72
     1
  1
2Ø10 | Inf. mínima | L=0.80m
 73
     1
 44
1.0
  0
LINE
  5
15E
330
17
100
AcDbEntity
  8
estribos
100
AcDbLine
 10
-0.8
 20
2.945
 30
0.0
 11
-0.8
 21
3.255
 31
0.0
  0
LINE
  5
15F
330
17
100
AcDbEntity
  8
estribos
100
AcDbLine
 10
-0.64
 20
2.945
 30
0.0
 11
-0.64
 21
3.255
 31
0.0
  0
LINE
  5
160
330
17
100
AcDbEntity
  8
estribos
100
AcDbLine
 10
-0.48
 20
2.945
 30
0.0
 11
-0.48
 21
3.255
 31
0.0
  0
LINE
  5
161
330
17
100
AcDbEntity
  8
estribos
100
AcDbLine
 10
-0.32
 20
2.945
 30
0.0
 11
-0.32
 21
3.255
 31
0.0
  0
LINE
  5
162
330
17
100
AcDbEntity
  8
estribos
100
AcDbLine
 10
-0.16
 20
2.945
 30
0.0
 11
-0.16
 21
3.255
 31
0.0
  0
LINE
  5
163
330
17
100
AcDbEntity
  8
estribos
100
AcDbLine
 10
-0.8
 20
2.945
 30
0.0
 11
-0.8
 21
3.255
 31
0.0
  0
LINE
  5
164
330
17
100
AcDbEntity
  8
estribos
100
AcDbLine
 10
-0.64
 20
2.945
 30
0.0
 11
-0.64
 21
3.255
 31
0.0
  0
LINE
  5
165
330
17
100
AcDbEntity
  8
estribos
100
AcDbLine
 10
-0.48
 20
2.945
 30
0.0
 11
-0.48
 21
3.255
 31
0.0
  0
MTEXT
  5
166
330
17
100
AcDbEntity
  8
texto
100
AcDbMText
 10
-0.15
 20
3.545
 30
0.0
 40
0.05
 41
0.0
 46
0.0
 71
     3
 72
     1
  1
Estribo empotramiento | Ø6 c/16cm
 73
     1
 44
1.0
  0
LINE
  5
167
330
17
100
AcDbEntity
  8
estribos
100
AcDbLine
 10
-0.8
 20
2.945
 30
0.0
 11
-0.8
 21
3.255
 31
0.0
  0
LINE
  5
168
330
17
100
AcDbEntity
  8
estribos
100
AcDbLine
 10
-0.64
 20
2.945
 30
0.0
 11
-0.64
 21
3.255
 31
0.0
  0
LINE
  5
169
330
17
100
AcDbEntity
  8
estribos
100
AcDbLine
 10
-0.48
 20
2.945
 30
0.0
 11
-0.48
 21
3.255
 31
0.0
  0
LINE
  5
16A
330
17
100
AcDbEntity
  8
estribos
100
AcDbLine
 10
-0.32
 20
2.945
 30
0.0
 11
-0.32
 21
3.255
 31
0.0
  0
LINE
  5
16B
330
17
100
AcDbEntity
  8
estribos
100
AcDbLine
 10
-0.16
 20
2.945
 30
0.0
 11
-0.16
 21
3.255
 31
0.0
  0
LINE
  5
16C
330
17
100
AcDbEntity
  8
estribos
100
AcDbLine
 10
-0.4
 20
2.945
 30
0.0
 11
-0.4
 21
3.255
 31
0.0
  0
LINE
  5
16D
330
17
100
AcDbEntity
  8
estribos
100
AcDbLine
 10
-0.24
 20
2.945
 30
0.0
 11
-0.24
 21
3.255
 31
0.0
  0
LINE
  5
16E
330
17
100
AcDbEntity
  8
estribos
100
AcDbLine
 10
-0.08
 20
2.945
 30
0.0
 11
-0.08
 21
3.255
 31
0.0
  0
MTEXT
  5
16F
330
17
100
AcDbEntity
  8
texto
100
AcDbMText
 10
-0.15
 20
3.395
 30
0.0
 40
0.05
 41
0.0
 46
0.0
 71
     3
 72
     1
  1
Estribo extremo_libre | Ø6 c/16cm
 73
     1
 44
1.0
  0
MTEXT
  5
170
330
17
100
AcDbEntity
  8
texto
100
AcDbMText
 10
-0.4
 20
3.795
 30
0.0
 40
0.07
 41
0.0
 46
0.0
 71
     5
 72
     1
  1
V0-1 tv_izq (20x39)
 73
     1
 44
1.0
  0
LWPOLYLINE
  5
171
330
17
100
AcDbEntity
  8
hormigon
100
AcDbPolyline
 90
        5
 70
     0
 43
0.0
 10
0.0
 20
5.805
 10
4.85
 20
5.805
 10
4.85
 20
6.195
 10
0.0
 20
6.195
 10
0.0
 20
5.805
  0
LINE
  5
172
330
17
100
AcDbEntity
  8
recubrimiento
  6
MY_DASHED
100
AcDbLine
 10
0.0
 20
6.155
 30
0.0
 11
4.85
 21
6.155
 31
0.0
  0
LINE
  5
173
330
17
100
AcDbEntity
  8
recubrimiento
  6
MY_DASHED
100
AcDbLine
 10
0.0
 20
5.845
 30
0.0
 11
4.85
 21
5.845
 31
0.0
  0
LWPOLYLINE
  5
174
330
17
100
AcDbEntity
  8
armadura
370
    18
100
AcDbPolyline
 90
        3
 70
     0
 43
0.0
 10
0.0
 20
5.405
 10
1.16
 20
5.405
 10
1.16
 20
5.305
  0
MTEXT
  5
175
330
17
100
AcDbEntity
  8
texto
100
AcDbMText
 10
0.58
 20
5.455
 30
0.0
 40
0.05
 41
0.0
 46
0.0
 71
     5
 72
     1
  1
2Ø16 | Sup. apoyo izq | L=1.16m
 73
     1
 44
1.0
  0
LWPOLYLINE
  5
176
330
17
100
AcDbEntity
  8
armadura
370
    18
100
AcDbPolyline
 90
        4
 70
     0
 43
0.0
 10
0.259279
 20
4.875721
 10
0.33
 20
4.805
 10
4.16
 20
4.805
 10
4.230721
 20
4.875721
  0
MTEXT
  5
177
330
17
100
AcDbEntity
  8
texto
100
AcDbMText
 10
2.245
 20
4.855
 30
0.0
 40
0.05
 41
0.0
 46
0.0
 71
     5
 72
     1
  1
1Ø16 | Inf. tramo | L=3.83m
 73
     1
 44
1.0
  0
LWPOLYLINE
  5
178
330
17
100
AcDbEntity
  8
armadura
370
    18
100
AcDbPolyline
 90
        4
 70
     0
 43
0.0
 10
-0.070721
 20
4.675721
 10
0.0
 20
4.605
 10
4.85
 20
4.605
 10
4.920721
 20
4.675721
  0
MTEXT
  5
179
330
17
100
AcDbEntity
  8
texto
100
AcDbMText
 10
2.425
 20
4.655
 30
0.0
 40
0.05
 41
0.0
 46
0.0
 71
     5
 72
     1
  1
2Ø16 | Inf. tramo completo | L=5.23m
 73
     1
 44
1.0
  0
LWPOLYLINE
  5
17A
330
17
100
AcDbEntity
  8
armadura
370
    18
100
AcDbPolyline
 90
        3
 70
     0
 43
0.0
 10
3.33
 20
5.305
 10
3.33
 20
5.405
 10
4.85
 20
5.405
  0
MTEXT
  5
17B
330
17
100
AcDbEntity
  8
texto
100
AcDbMText
 10
4.09
 20
5.455
 30
0.0
 40
0.05
 41
0.0
 46
0.0
 71
     5
 72
     1
  1
4Ø16 | Sup. apoyo der | L=1.52m
 73
     1
 44
1.0
  0
LWPOLYLINE
  5
17C
330
17
100
AcDbEntity
  8
armadura
370
     9
100
AcDbPolyline
 90
        4
 70
     0
 43
0.0
 10
0.0
 20
5.105
 10
0.0
 20
5.205
 10
5.09
 20
5.205
 10
5.09
 20
5.105
  0
MTEXT
  5
17D
330
17
100
AcDbEntity
  8
texto
100
AcDbMText
 10
2.545
 20
5.255
 30
0.0
 40
0.05
 41
0.0
 46
0.0
 71
     5
 72
     1
  1
2Ø8 | Auxiliar superior | L=5.09m
 73
     1
 44
1.0
  0
LINE
  5
17E
330
17
100
AcDbEntity
  8
estribos
100
AcDbLine
 10
0.0
 20
5.845
 30
0.0
 11
0.0
 21
6.155
 31
0.0
  0
LINE
  5
17F
330
17
100
AcDbEntity
  8
estribos
100
AcDbLine
 10
0.16
 20
5.845
 30
0.0
 11
0.16
 21
6.155
 31
0.0
  0
LINE
  5
180
330
17
100
AcDbEntity
  8
estribos
100
AcDbLine
 10
0.32
 20
5.845
 30
0.0
 11
0.32
 21
6.155
 31
0.0
  0
LINE
  5
181
330
17
100
AcDbEntity
  8
estribos
100
AcDbLine
 10
0.48
 20
5.845
 30
0.0
 11
0.48
 21
6.155
 31
0.0
  0
LINE
  5
182
330
17
100
AcDbEntity
  8
estribos
100
AcDbLine
 10
0.64
 20
5.845
 30
0.0
 11
0.64
 21
6.155
 31
0.0
  0
LINE
  5
183
330
17
100
AcDbEntity
  8
estribos
100
AcDbLine
 10
0.8
 20
5.845
 30
0.0
 11
0.8
 21
6.155
 31
0.0
  0
LINE
  5
184
330
17
100
AcDbEntity
  8
estribos
100
AcDbLine
 10
0.96
 20
5.845
 30
0.0
 11
0.96
 21
6.155
 31
0.0
  0
LINE
  5
185
330
17
100
AcDbEntity
  8
estribos
100
AcDbLine
 10
1.12
 20
5.845
 30
0.0
 11
1.12
 21
6.155
 31
0.0
  0
MTEXT
  5
186
330
17
100
AcDbEntity
  8
texto
100
AcDbMText
 10
0.59
 20
6.445
 30
0.0
 40
0.05
 41
0.0
 46
0.0
 71
     5
 72
     1
  1
Estribo apoyo_izq | Ø6 c/16cm
 73
     1
 44
1.0
  0
LINE
  5
187
330
17
100
AcDbEntity
  8
cotas
100
AcDbLine
 10
0.0
 20
6.395
 30
0.0
 11
1.18
 21
6.395
 31
0.0
  0
LINE
  5
188
330
17
100
AcDbEntity
  8
cotas
100
AcDbLine
 10
0.0
 20
6.395
 30
0.0
 11
0.0
 21
6.345
 31
0.0
  0
LINE
  5
189
330
17
100
AcDbEntity
  8
cotas
100
AcDbLine
 10
1.18
 20
6.395
 30
0.0
 11
1.18
 21
6.345
 31
0.0
  0
MTEXT
  5
18A
330
17
100
AcDbEntity
  8
cotas
100
AcDbMText
 10
0.59
 20
6.245
 30
0.0
 40
0.05
 41
0.0
 46
0.0
 71
     5
 72
     1
  1
1.18 m
 73
     1
 44
1.0
  0
LINE
  5
18B
330
17
100
AcDbEntity
  8
estribos
100
AcDbLine
 10
1.18
 20
5.845
 30
0.0
 11
1.18
 21
6.155
 31
0.0
  0
LINE
  5
18C
330
17
100
AcDbEntity
  8
estribos
100
AcDbLine
 10
1.34
 20
5.845
 30
0.0
 11
1.34
 21
6.155
 31
0.0
  0
LINE
  5
18D
330
17
100
AcDbEntity
  8
estribos
100
AcDbLine
 10
1.5
 20
5.845
 30
0.0
 11
1.5
 21
6.155
 31
0.0
  0
LINE
  5
18E
330
17
100
AcDbEntity
  8
estribos
100
AcDbLine
 10
1.66
 20
5.845
 30
0.0
 11
1.66
 21
6.155
 31
0.0
  0
LINE
  5
18F
330
17
100
AcDbEntity
  8
estribos
100
AcDbLine
 10
1.82
 20
5.845
 30
0.0
 11
1.82
 21
6.155
 31
0.0
  0
LINE
  5
190
330
17
100
AcDbEntity
  8
estribos
100
AcDbLine
 10
1.98
 20
5.845
 30
0.0
 11
1.98
 21
6.155
 31
0.0
  0
LINE
  5
191
330
17
100
AcDbEntity
  8
estribos
100
AcDbLine
 10
2.14
 20
5.845
 30
0.0
 11
2.14
 21
6.155
 31
0.0
  0
LINE
  5
192
330
17
100
AcDbEntity
  8
estribos
100
AcDbLine
 10
2.3
 20
5.845
 30
0.0
 11
2.3
 21
6.155
 31
0.0
  0
LINE
  5
193
330
17
100
AcDbEntity
  8
estribos
100
AcDbLine
 10
2.46
 20
5.845
 30
0.0
 11
2.46
 21
6.155
 31
0.0
  0
LINE
  5
194
330
17
100
AcDbEntity
  8
estribos
100
AcDbLine
 10
2.62
 20
5.845
 30
0.0
 11
2.62
 21
6.155
 31
0.0
  0
LINE
  5
195
330
17
100
AcDbEntity
  8
estribos
100
AcDbLine
 10
2.78
 20
5.845
 30
0.0
 11
2.78
 21
6.155
 31
0.0
  0
LINE
  5
196
330
17
100
AcDbEntity
  8
estribos
100
AcDbLine
 10
2.94
 20
5.845
 30
0.0
 11
2.94
 21
6.155
 31
0.0
  0
LINE
  5
197
330
17
100
AcDbEntity
  8
estribos
100
AcDbLine
 10
3.1
 20
5.845
 30
0.0
 11
3.1
 21
6.155
 31
0.0
  0
LINE
  5
198
330
17
100
AcDbEntity
  8
estribos
100
AcDbLine
 10
3.26
 20
5.845
 30
0.0
 11
3.26
 21
6.155
 31
0.0
  0
MTEXT
  5
199
330
17
100
AcDbEntity
  8
texto
100
AcDbMText
 10
2.28
 20
6.445
 30
0.0
 40
0.05
 41
0.0
 46
0.0
 71
     5
 72
     1
  1
Estribo central | Ø6 c/16cm
 73
     1
 44
1.0
  0
LINE
  5
19A
330
17
100
AcDbEntity
  8
cotas
100
AcDbLine
 10
1.18
 20
6.395
 30
0.0
 11
3.38
 21
6.395
 31
0.0
  0
LINE
  5
19B
330
17
100
AcDbEntity
  8
cotas
100
AcDbLine
 10
1.18
 20
6.395
 30
0.0
 11
1.18
 21
6.345
 31
0.0
  0
LINE
  5
19C
330
17
100
AcDbEntity
  8
cotas
100
AcDbLine
 10
3.38
 20
6.395
 30
0.0
 11
3.38
 21
6.345
 31
0.0
  0
MTEXT
  5
19D
330
17
100
AcDbEntity
  8
cotas
100
AcDbMText
 10
2.28
 20
6.245
 30
0.0
 40
0.05
 41
0.0
 46
0.0
 71
     5
 72
     1
  1
2.20 m
 73
     1
 44
1.0
  0
LINE
  5
19E
330
17
100
AcDbEntity
  8
estribos
100
AcDbLine
 10
3.38
 20
5.845
 30
0.0
 11
3.38
 21
6.155
 31
0.0
  0
LINE
  5
19F
330
17
100
AcDbEntity
  8
estribos
100
AcDbLine
 10
3.5
 20
5.845
 30
0.0
 11
3.5
 21
6.155
 31
0.0
  0
LINE
  5
1A0
330
17
100
AcDbEntity
  8
estribos
100
AcDbLine
 10
3.62
 20
5.845
 30
0.0
 11
3.62
 21
6.155
 31
0.0
  0
LINE
  5
1A1
330
17
100
AcDbEntity
  8
estribos
100
AcDbLine
 10
3.74
 20
5.845
 30
0.0
 11
3.74
 21
6.155
 31
0.0
  0
LINE
  5
1A2
330
17
100
AcDbEntity
  8
estribos
100
AcDbLine
 10
3.86
 20
5.845
 30
0.0
 11
3.86
 21
6.155
 31
0.0
  0
LINE
  5
1A3
330
17
100
AcDbEntity
  8
estribos
100
AcDbLine
 10
3.98
 20
5.845
 30
0.0
 11
3.98
 21
6.155
 31
0.0
  0
LINE
  5
1A4
330
17
100
AcDbEntity
  8
estribos
100
AcDbLine
 10
4.1
 20
5.845
 30
0.0
 11
4.1
 21
6.155
 31
0.0
  0
LINE
  5
1A5
330
17
100
AcDbEntity
  8
estribos
100
AcDbLine
 10
4.22
 20
5.845
 30
0.0
 11
4.22
 21
6.155
 31
0.0
  0
LINE
  5
1A6
330
17
100
AcDbEntity
  8
estribos
100
AcDbLine
 10
4.34
 20
5.845
 30
0.0
 11
4.34
 21
6.155
 31
0.0
  0
LINE
  5
1A7
330
17
100
AcDbEntity
  8
estribos
100
AcDbLine
 10
4.46
 20
5.845
 30
0.0
 11
4.46
 21
6.155
 31
0.0
  0
LINE
  5
1A8
330
17
100
AcDbEntity
  8
estribos
100
AcDbLine
 10
4.58
 20
5.845
 30
0.0
 11
4.58
 21
6.155
 31
0.0
  0
LINE
  5
1A9
330
17
100
AcDbEntity
  8
estribos
100
AcDbLine
 10
4.7
 20
5.845
 30
0.0
 11
4.7
 21
6.155
 31
0.0
  0
LINE
  5
1AA
330
17
100
AcDbEntity
  8
estribos
100
AcDbLine
 10
4.82
 20
5.845
 30
0.0
 11
4.82
 21
6.155
 31
0.0
  0
MTEXT
  5
1AB
330
17
100
AcDbEntity
  8
texto
100
AcDbMText
 10
4.115
 20
6.445
 30
0.0
 40
0.05
 41
0.0
 46
0.0
 71
     5
 72
     1
  1
Estribo apoyo_der | Ø6 c/12cm
 73
     1
 44
1.0
  0
LINE
  5
1AC
330
17
100
AcDbEntity
  8
cotas
100
AcDbLine
 10
3.38
 20
6.395
 30
0.0
 11
4.85
 21
6.395
 31
0.0
  0
LINE
  5
1AD
330
17
100
AcDbEntity
  8
cotas
100
AcDbLine
 10
3.38
 20
6.395
 30
0.0
 11
3.38
 21
6.345
 31
0.0
  0
LINE
  5
1AE
330
17
100
AcDbEntity
  8
cotas
100
AcDbLine
 10
4.85
 20
6.395
 30
0.0
 11
4.85
 21
6.345
 31
0.0
  0
MTEXT
  5
1AF
330
17
100
AcDbEntity
  8
cotas
100
AcDbMText
 10
4.115
 20
6.245
 30
0.0
 40
0.05
 41
0.0
 46
0.0
 71
     5
 72
     1
  1
1.47 m
 73
     1
 44
1.0
  0
LINE
  5
1B0
330
17
100
AcDbEntity
  8
puntos_inflexion
  6
MY_DOT
100
AcDbLine
 10
0.52
 20
4.205
 30
0.0
 11
0.52
 21
6.595
 31
0.0
  0
MTEXT
  5
1B1
330
17
100
AcDbEntity
  8
texto
100
AcDbMText
 10
0.52
 20
6.695
 30
0.0
 40
0.06
 41
0.0
 46
0.0
 71
     5
 72
     1
  1
P.I.
 73
     1
 44
1.0
  0
LINE
  5
1B2
330
17
100
AcDbEntity
  8
puntos_inflexion
  6
MY_DOT
100
AcDbLine
 10
3.97
 20
4.205
 30
0.0
 11
3.97
 21
6.595
 31
0.0
  0
MTEXT
  5
1B3
330
17
100
AcDbEntity
  8
texto
100
AcDbMText
 10
3.97
 20
6.695
 30
0.0
 40
0.06
 41
0.0
 46
0.0
 71
     5
 72
     1
  1
P.I.
 73
     1
 44
1.0
  0
MTEXT
  5
1B4
330
17
100
AcDbEntity
  8
texto
100
AcDbMText
 10
2.425
 20
6.695
 30
0.0
 40
0.07
 41
0.0
 46
0.0
 71
     5
 72
     1
  1
V1-1 T1 (20x39)
 73
     1
 44
1.0
  0
LWPOLYLINE
  5
1B5
330
17
100
AcDbEntity
  8
hormigon
100
AcDbPolyline
 90
        5
 70
     0
 43
0.0
 10
-0.8
 20
5.805
 10
0.0
 20
5.805
 10
0.0
 20
6.195
 10
-0.8
 20
6.195
 10
-0.8
 20
5.805
  0
LINE
  5
1B6
330
17
100
AcDbEntity
  8
recubrimiento
  6
MY_DASHED
100
AcDbLine
 10
-0.8
 20
6.155
 30
0.0
 11
0.0
 21
6.155
 31
0.0
  0
LINE
  5
1B7
330
17
100
AcDbEntity
  8
recubrimiento
  6
MY_DASHED
100
AcDbLine
 10
-0.8
 20
5.845
 30
0.0
 11
0.0
 21
5.845
 31
0.0
  0
LWPOLYLINE
  5
1B8
330
17
100
AcDbEntity
  8
armadura
370
    13
100
AcDbPolyline
 90
        2
 70
     0
 43
0.0
 10
-0.8
 20
5.605
 10
0.4
 20
5.605
  0
MTEXT
  5
1B9
330
17
100
AcDbEntity
  8
texto
100
AcDbMText
 10
-0.2
 20
5.655
 30
0.0
 40
0.05
 41
0.0
 46
0.0
 71
     5
 72
     1
  1
3Ø10 | Sup. voladizo | L=1.20m
 73
     1
 44
1.0
  0
LWPOLYLINE
  5
1BA
330
17
100
AcDbEntity
  8
armadura
370
    13
100
AcDbPolyline
 90
        2
 70
     0
 43
0.0
 10
-0.8
 20
4.405
 10
0.0
 20
4.405
  0
MTEXT
  5
1BB
330
17
100
AcDbEntity
  8
texto
100
AcDbMText
 10
-0.4
 20
4.455
 30
0.0
 40
0.05
 41
0.0
 46
0.0
 71
     5
 72
     1
  1
2Ø10 | Inf. mínima | L=0.80m
 73
     1
 44
1.0
  0
LINE
  5
1BC
330
17
100
AcDbEntity
  8
estribos
100
AcDbLine
 10
-0.8
 20
5.845
 30
0.0
 11
-0.8
 21
6.155
 31
0.0
  0
LINE
  5
1BD
330
17
100
AcDbEntity
  8
estribos
100
AcDbLine
 10
-0.64
 20
5.845
 30
0.0
 11
-0.64
 21
6.155
 31
0.0
  0
LINE
  5
1BE
330
17
100
AcDbEntity
  8
estribos
100
AcDbLine
 10
-0.48
 20
5.845
 30
0.0
 11
-0.48
 21
6.155
 31
0.0
  0
LINE
  5
1BF
330
17
100
AcDbEntity
  8
estribos
100
AcDbLine
 10
-0.32
 20
5.845
 30
0.0
 11
-0.32
 21
6.155
 31
0.0
  0
LINE
  5
1C0
330
17
100
AcDbEntity
  8
estribos
100
AcDbLine
 10
-0.16
 20
5.845
 30
0.0
 11
-0.16
 21
6.155
 31
0.0
  0
LINE
  5
1C1
330
17
100
AcDbEntity
  8
estribos
100
AcDbLine
 10
-0.8
 20
5.845
 30
0.0
 11
-0.8
 21
6.155
 31
0.0
  0
LINE
  5
1C2
330
17
100
AcDbEntity
  8
estribos
100
AcDbLine
 10
-0.64
 20
5.845
 30
0.0
 11
-0.64
 21
6.155
 31
0.0
  0
LINE
  5
1C3
330
17
100
AcDbEntity
  8
estribos
100
AcDbLine
 10
-0.48
 20
5.845
 30
0.0
 11
-0.48
 21
6.155
 31
0.0
  0
MTEXT
  5
1C4
330
17
100
AcDbEntity
  8
texto
100
AcDbMText
 10
-0.15
 20
6.445
 30
0.0
 40
0.05
 41
0.0
 46
0.0
 71
     3
 72
     1
  1
Estribo empotramiento | Ø6 c/16cm
 73
     1
 44
1.0
  0
LINE
  5
1C5
330
17
100
AcDbEntity
  8
estribos
100
AcDbLine
 10
-0.8
 20
5.845
 30
0.0
 11
-0.8
 21
6.155
 31
0.0
  0
LINE
  5
1C6
330
17
100
AcDbEntity
  8
estribos
100
AcDbLine
 10
-0.64
 20
5.845
 30
0.0
 11
-0.64
 21
6.155
 31
0.0
  0
LINE
  5
1C7
330
17
100
AcDbEntity
  8
estribos
100
AcDbLine
 10
-0.48
 20
5.845
 30
0.0
 11
-0.48
 21
6.155
 31
0.0
  0
LINE
  5
1C8
330
17
100
AcDbEntity
  8
estribos
100
AcDbLine
 10
-0.32
 20
5.845
 30
0.0
 11
-0.32
 21
6.155
 31
0.0
  0
LINE
  5
1C9
330
17
100
AcDbEntity
  8
estribos
100
AcDbLine
 10
-0.16
 20
5.845
 30
0.0
 11
-0.16
 21
6.155
 31
0.0
  0
LINE
  5
1CA
330
17
100
AcDbEntity
  8
estribos
100
AcDbLine
 10
-0.4
 20
5.845
 30
0.0
 11
-0.4
 21
6.155
 31
0.0
  0
LINE
  5
1CB
330
17
100
AcDbEntity
  8
estribos
100
AcDbLine
 10
-0.24
 20
5.845
 30
0.0
 11
-0.24
 21
6.155
 31
0.0
  0
LINE
  5
1CC
330
17
100
AcDbEntity
  8
estribos
100
AcDbLine
 10
-0.08
 20
5.845
 30
0.0
 11
-0.08
 21
6.155
 31
0.0
  0
MTEXT
  5
1CD
330
17
100
AcDbEntity
  8
texto
100
AcDbMText
 10
-0.15
 20
6.295
 30
0.0
 40
0.05
 41
0.0
 46
0.0
 71
     3
 72
     1
  1
Estribo extremo_libre | Ø6 c/16cm
 73
     1
 44
1.0
  0
MTEXT
  5
1CE
330
17
100
AcDbEntity
  8
texto
100
AcDbMText
 10
-0.4
 20
6.695
 30
0.0
 40
0.07
 41
0.0
 46
0.0
 71
     5
 72
     1
  1
V1-1 tv_izq (20x39)
  7
LiberationMono
 73
     1
 44
1.0
  0
LINE
  5
1CF
330
17
100
AcDbEntity
  8
suelo
100
AcDbLine
 10
-1.0
 20
0.0
 30
0.0
 11
5.85
 21
0.0
 31
0.0
  0
MTEXT
  5
1D0
330
17
100
AcDbEntity
  8
texto
100
AcDbMText
 10
5.85
 20
-1.7
 30
0.0
 40
0.07
 41
0.0
 46
0.0
 71
     1
 72
     1
  1
Pórtico Portico 2\PArq. Claudio E. Tomatis\PFecha: 05/02/2026
 73
     1
 44
1.0
  0
DIMENSION
  5
241
102
{ACAD_REACTORS
330
251
102
}
102
{ACAD_XDICTIONARY
360
250
102
}
330
17
100
AcDbEntity
  8
DIMENSION
100
AcDbDimension
280
     0
  2
*D6
 10
4.85
 20
7.000263
 30
0.0
 11
2.425
 21
7.000263
 31
0.0
 70
   160
 71
     5
 42
4.85
 73
     0
 74
     0
 75
     0
  3
EZ_M_25_H25_CM
100
AcDbAlignedDimension
 13
0.0
 23
6.130976
 33
0.0
 14
4.85
 24
6.170976
 34
0.0
100
AcDbRotatedDimension
1001
ACAD
1000
DSTYLE
1002
{
1070
   340
1005
4E
1070
   279
1070
     1
1070
   144
1040
1.0
1070
   173
1070
     1
1070
   343
1005
0
1070
   342
1005
0
1070
   344
1005
0
1070
   283
1070
     0
1002
}
  0
ENDSEC
  0
SECTION
  2
OBJECTS
  0
DICTIONARY
  5
A
330
0
100
AcDbDictionary
281
     1
  3
ACAD_COLOR
350
B
  3
ACAD_DETAILVIEWSTYLE
350
261
  3
ACAD_GROUP
350
C
  3
ACAD_IMAGE_DICT
350
256
  3
ACAD_LAYOUT
350
D
  3
ACAD_MATERIAL
350
E
  3
ACAD_MLEADERSTYLE
350
F
  3
ACAD_MLINESTYLE
350
10
  3
ACAD_PLOTSETTINGS
350
11
  3
ACAD_PLOTSTYLENAME
350
12
  3
ACAD_SCALELIST
350
1D5
  3
ACAD_SECTIONVIEWSTYLE
350
262
  3
ACAD_TABLESTYLE
350
15
  3
ACAD_VISUALSTYLE
350
16
  3
ACDB_RECOMPOSE_DATA
350
25F
  3
AcDbVariableDictionary
350
25B
  3
EZDXF_META
350
2D
  3
MCS_STREAM_DICT
350
1F9
  0
SUN
  5
1FC
330
97
100
AcDbSun
 90
        1
290
     0
 63
     7
421
 16777215
 40
1.0
291
     1
 91
  2455826
 92
 54000000
292
     0
 70
     2
 71
   256
280
     1
  0
DICTIONARY
  5
254
330
17
100
AcDbDictionary
280
     1
281
     1
  3
ACAD_SORTENTS
360
255
  0
DICTIONARY
  5
250
330
241
100
AcDbDictionary
280
     1
281
     1
  3
MC_XOBJECT1
360
251
  0
DICTIONARY
  5
B
330
A
100
AcDbDictionary
281
     1
  0
DICTIONARY
  5
261
102
{ACAD_REACTORS
330
A
102
}
330
A
100
AcDbDictionary
281
     1
  0
DICTIONARY
  5
C
330
A
100
AcDbDictionary
281
     1
  0
DICTIONARY
  5
256
102
{ACAD_REACTORS
330
A
102
}
330
A
100
AcDbDictionary
281
     1
  0
DICTIONARY
  5
D
330
A
100
AcDbDictionary
281
     1
  3
Layout1
350
1E
  3
Model
350
1A
  0
DICTIONARY
  5
E
330
A
100
AcDbDictionary
281
     1
  3
ByBlock
350
1F
  3
ByLayer
350
20
  3
Global
350
21
  0
DICTIONARY
  5
F
330
A
100
AcDbDictionary
281
     1
  3
Standard
350
2C
  0
DICTIONARY
  5
10
330
A
100
AcDbDictionary
281
     1
  3
Standard
350
22
  0
DICTIONARY
  5
11
330
A
100
AcDbDictionary
281
     1
  0
ACDBDICTIONARYWDFLT
  5
12
330
A
100
AcDbDictionary
281
     1
  3
Normal
350
13
100
AcDbDictionaryWithDefault
340
13
  0
DICTIONARY
  5
1D5
102
{ACAD_REACTORS
330
A
102
}
330
A
100
AcDbDictionary
281
     1
  3
A0
350
1D6
  3
A1
350
1D7
  3
A2
350
1D8
  3
A3
350
1D9
  3
A4
350
1DA
  3
A5
350
1DB
  3
A6
350
1DC
  3
A7
350
1DD
  3
A8
350
1DE
  3
A9
350
1DF
  3
B0
350
1E0
  3
B1
350
1E1
  3
B2
350
1E2
  3
B3
350
1E3
  3
B4
350
1E4
  3
B5
350
1E5
  3
B6
350
1E6
  3
B7
350
1E7
  3
B8
350
1E8
  3
B9
350
1E9
  3
C0
350
1EA
  3
C1
350
1EB
  3
C2
350
1EC
  3
C3
350
1ED
  3
C4
350
1EE
  3
C5
350
1EF
  3
C6
350
1F0
  3
C7
350
1F1
  3
C8
350
1F2
  3
C9
350
1F3
  3
D0
350
1F4
  3
D1
350
1F5
  3
D2
350
1F6
  0
DICTIONARY
  5
262
102
{ACAD_REACTORS
330
A
102
}
330
A
100
AcDbDictionary
281
     1
  0
DICTIONARY
  5
15
330
A
100
AcDbDictionary
281
     1
  3
Standard
350
1FD
  0
DICTIONARY
  5
16
330
A
100
AcDbDictionary
281
     1
  3
2dWireframe
350
5A
  3
Basic
350
5B
  3
Brighten
350
5C
  3
ColorChange
350
5D
  3
Conceptual
350
5E
  3
Dim
350
5F
  3
EdgeColorOff
350
60
  3
Facepattern
350
61
  3
Flat
350
62
  3
FlatWithEdges
350
63
  3
Gouraud
350
64
  3
GouraudWithEdges
350
65
  3
Hidden
350
66
  3
JitterOff
350
67
  3
Linepattern
350
68
  3
Modeling
350
69
  3
OverhangOff
350
6A
  3
Realistic
350
6B
  3
Shaded
350
6C
  3
Shaded with edges
350
6D
  3
Shades of Gray
350
6E
  3
Sketchy
350
6F
  3
Thicken
350
70
  3
Wireframe
350
71
  3
X-Ray
350
72
  0
XRECORD
  5
25F
102
{ACAD_REACTORS
330
A
102
}
330
A
100
AcDbXrecord
280
     1
 90
        1
330
1FD
  0
DICTIONARY
  5
25B
102
{ACAD_REACTORS
330
A
102
}
330
A
100
AcDbDictionary
281
     1
  3
CANNOSCALE
350
25C
  3
XCLIPFRAME
350
260
  0
DICTIONARY
  5
2D
330
A
100
AcDbDictionary
280
     1
281
     1
  3
CREATED_BY_EZDXF
360
2E
  3
WRITTEN_BY_EZDXF
360
1D3
  0
DICTIONARY
  5
1F9
102
{ACAD_REACTORS
330
A
102
}
330
A
100
AcDbDictionary
281
     1
  3
MC_VERSION_DATA
350
259
  3
MCS_DOCUMENT_ID
350
1FA
  3
MCS_PARAMS_DATA
350
257
  0
SORTENTSTABLE
  5
255
102
{ACAD_REACTORS
330
254
102
}
330
254
100
AcDbSortentsTable
330
17
  0
McDbContainer2
  5
251
102
{ACAD_REACTORS
330
250
102
}
330
250
100
McDbContainer2
  0
LAYOUT
  5
1E
330
D
100
AcDbPlotSettings
  1

  2
none_device
  4
A3
  6

 40
7.5
 41
20.0
 42
7.5
 43
20.0
 44
420.0
 45
297.0
 46
0.0
 47
0.0
 48
0.0
 49
0.0
140
0.0
141
0.0
142
1.0
143
1.0
 70
     0
 72
     1
 73
     0
 74
     5
  7

 75
    16
 76
     0
 77
     2
 78
   300
147
1.0
148
0.0
149
0.0
100
AcDbLayout
  1
Layout1
 70
     0
 71
     1
 10
0.0
 20
0.0
 11
420.0
 21
297.0
 12
0.0
 22
0.0
 32
0.0
 14
1.000000E+20
 24
1.000000E+20
 34
1.000000E+20
 15
-1.000000E+20
 25
-1.000000E+20
 35
-1.000000E+20
146
0.0
 13
0.0
 23
0.0
 33
0.0
 16
1.0
 26
0.0
 36
0.0
 17
0.0
 27
1.0
 37
0.0
 76
     1
330
1B
  0
LAYOUT
  5
1A
330
D
100
AcDbPlotSettings
  1

  2
none_device
  4
A3
  6

 40
7.5
 41
20.0
 42
7.5
 43
20.0
 44
420.0
 45
297.0
 46
0.0
 47
0.0
 48
0.0
 49
0.0
140
0.0
141
0.0
142
1.0
143
1.0
 70
  1024
 72
     1
 73
     0
 74
     5
  7

 75
    16
 76
     0
 77
     2
 78
   300
147
1.0
148
0.0
149
0.0
100
AcDbLayout
  1
Model
 70
     1
 71
     0
 10
0.0
 20
0.0
 11
420.0
 21
297.0
 12
0.0
 22
0.0
 32
0.0
 14
1.000000E+20
 24
1.000000E+20
 34
1.000000E+20
 15
-1.000000E+20
 25
-1.000000E+20
 35
-1.000000E+20
146
0.0
 13
0.0
 23
0.0
 33
0.0
 16
1.0
 26
0.0
 36
0.0
 17
0.0
 27
1.0
 37
0.0
 76
     1
330
17
331
97
  0
MATERIAL
  5
1F
102
{ACAD_REACTORS
330
E
102
}
330
E
100
AcDbMaterial
  1
ByBlock
 71
     1
 91
-1023410177
 72
     1
273
     1
 94
       63
  0
MATERIAL
  5
20
102
{ACAD_REACTORS
330
E
102
}
330
E
100
AcDbMaterial
  1
ByLayer
 71
     1
 91
-1023410177
 72
     1
273
     1
 94
       63
  0
MATERIAL
  5
21
102
{ACAD_REACTORS
330
E
102
}
330
E
100
AcDbMaterial
  1
Global
 71
     1
 91
-1023410177
 72
     1
273
     1
 94
       63
  0
MLEADERSTYLE
  5
2C
102
{ACAD_REACTORS
330
F
102
}
330
F
100
AcDbMLeaderStyle
179
     2
170
     2
171
     1
172
     0
 90
        2
 40
0.0
 41
0.0
173
     1
 91
-1056964608
340
0
 92
       -2
290
     1
 42
2.0
291
     1
 43
8.0
  3
Standard
341
0
 44
4.0
300

342
29
174
     1
178
     1
175
     1
176
     0
 93
-1056964608
 45
4.0
292
     0
297
     0
 46
4.0
343
0
 94
-1056964608
 47
1.0
 49
1.0
140
1.0
293
     1
141
0.0
294
     1
177
     0
142
1.0
295
     0
296
     0
143
3.75
271
     0
272
     9
273
     9
298
     0
1001
ACAD_MLEADERVER
1070
     2
  0
MLINESTYLE
  5
22
102
{ACAD_REACTORS
330
10
102
}
330
10
100
AcDbMlineStyle
  2
Standard
 70
     0
  3

 62
   256
 51
90.0
 52
90.0
 71
     2
 49
0.5
 62
   256
  6
BYLAYER
 49
-0.5
 62
   256
  6
BYLAYER
  0
ACDBPLACEHOLDER
  5
13
330
12
  0
SCALE
  5
1D6
102
{ACAD_REACTORS
330
1D5
102
}
330
1D5
100
AcDbScale
 70
     0
300
1:1
140
1.0
141
1.0
290
     1
  0
SCALE
  5
1D7
102
{ACAD_REACTORS
330
1D5
102
}
330
1D5
100
AcDbScale
 70
     0
300
1:2
140
1.0
141
2.0
290
     0
  0
SCALE
  5
1D8
102
{ACAD_REACTORS
330
1D5
102
}
330
1D5
100
AcDbScale
 70
     0
300
1:4
140
1.0
141
4.0
290
     0
  0
SCALE
  5
1D9
102
{ACAD_REACTORS
330
1D5
102
}
330
1D5
100
AcDbScale
 70
     0
300
1:5
140
1.0
141
5.0
290
     0
  0
SCALE
  5
1DA
102
{ACAD_REACTORS
330
1D5
102
}
330
1D5
100
AcDbScale
 70
     0
300
1:8
140
1.0
141
8.0
290
     0
  0
SCALE
  5
1DB
102
{ACAD_REACTORS
330
1D5
102
}
330
1D5
100
AcDbScale
 70
     0
300
1:10
140
1.0
141
10.0
290
     0
  0
SCALE
  5
1DC
102
{ACAD_REACTORS
330
1D5
102
}
330
1D5
100
AcDbScale
 70
     0
300
1:16
140
1.0
141
16.0
290
     0
  0
SCALE
  5
1DD
102
{ACAD_REACTORS
330
1D5
102
}
330
1D5
100
AcDbScale
 70
     0
300
1:20
140
1.0
141
20.0
290
     0
  0
SCALE
  5
1DE
102
{ACAD_REACTORS
330
1D5
102
}
330
1D5
100
AcDbScale
 70
     0
300
1:30
140
1.0
141
30.0
290
     0
  0
SCALE
  5
1DF
102
{ACAD_REACTORS
330
1D5
102
}
330
1D5
100
AcDbScale
 70
     0
300
1:40
140
1.0
141
40.0
290
     0
  0
SCALE
  5
1E0
102
{ACAD_REACTORS
330
1D5
102
}
330
1D5
100
AcDbScale
 70
     0
300
1:50
140
1.0
141
50.0
290
     0
  0
SCALE
  5
1E1
102
{ACAD_REACTORS
330
1D5
102
}
330
1D5
100
AcDbScale
 70
     0
300
1:100
140
1.0
141
100.0
290
     0
  0
SCALE
  5
1E2
102
{ACAD_REACTORS
330
1D5
102
}
330
1D5
100
AcDbScale
 70
     0
300
2:1
140
2.0
141
1.0
290
     0
  0
SCALE
  5
1E3
102
{ACAD_REACTORS
330
1D5
102
}
330
1D5
100
AcDbScale
 70
     0
300
4:1
140
4.0
141
1.0
290
     0
  0
SCALE
  5
1E4
102
{ACAD_REACTORS
330
1D5
102
}
330
1D5
100
AcDbScale
 70
     0
300
8:1
140
8.0
141
1.0
290
     0
  0
SCALE
  5
1E5
102
{ACAD_REACTORS
330
1D5
102
}
330
1D5
100
AcDbScale
 70
     0
300
10:1
140
10.0
141
1.0
290
     0
  0
SCALE
  5
1E6
102
{ACAD_REACTORS
330
1D5
102
}
330
1D5
100
AcDbScale
 70
     0
300
100:1
140
100.0
141
1.0
290
     0
  0
SCALE
  5
1E7
102
{ACAD_REACTORS
330
1D5
102
}
330
1D5
100
AcDbScale
 70
     0
300
1/128" = 1'-0"
140
0.007812
141
12.0
290
     0
  0
SCALE
  5
1E8
102
{ACAD_REACTORS
330
1D5
102
}
330
1D5
100
AcDbScale
 70
     0
300
1/64" = 1'-0"
140
0.015625
141
12.0
290
     0
  0
SCALE
  5
1E9
102
{ACAD_REACTORS
330
1D5
102
}
330
1D5
100
AcDbScale
 70
     0
300
1/32" = 1'-0"
140
0.03125
141
12.0
290
     0
  0
SCALE
  5
1EA
102
{ACAD_REACTORS
330
1D5
102
}
330
1D5
100
AcDbScale
 70
     0
300
1/16" = 1'-0"
140
0.0625
141
12.0
290
     0
  0
SCALE
  5
1EB
102
{ACAD_REACTORS
330
1D5
102
}
330
1D5
100
AcDbScale
 70
     0
300
3/32" = 1'-0"
140
0.09375
141
12.0
290
     0
  0
SCALE
  5
1EC
102
{ACAD_REACTORS
330
1D5
102
}
330
1D5
100
AcDbScale
 70
     0
300
1/8" = 1'-0"
140
0.125
141
12.0
290
     0
  0
SCALE
  5
1ED
102
{ACAD_REACTORS
330
1D5
102
}
330
1D5
100
AcDbScale
 70
     0
300
3/16" = 1'-0"
140
0.1875
141
12.0
290
     0
  0
SCALE
  5
1EE
102
{ACAD_REACTORS
330
1D5
102
}
330
1D5
100
AcDbScale
 70
     0
300
1/4" = 1'-0"
140
0.25
141
12.0
290
     0
  0
SCALE
  5
1EF
102
{ACAD_REACTORS
330
1D5
102
}
330
1D5
100
AcDbScale
 70
     0
300
3/8" = 1'-0"
140
0.375
141
12.0
290
     0
  0
SCALE
  5
1F0
102
{ACAD_REACTORS
330
1D5
102
}
330
1D5
100
AcDbScale
 70
     0
300
1/2" = 1'-0"
140
0.5
141
12.0
290
     0
  0
SCALE
  5
1F1
102
{ACAD_REACTORS
330
1D5
102
}
330
1D5
100
AcDbScale
 70
     0
300
3/4" = 1'-0"
140
0.75
141
12.0
290
     0
  0
SCALE
  5
1F2
102
{ACAD_REACTORS
330
1D5
102
}
330
1D5
100
AcDbScale
 70
     0
300
1" = 1'-0"
140
1.0
141
12.0
290
     0
  0
SCALE
  5
1F3
102
{ACAD_REACTORS
330
1D5
102
}
330
1D5
100
AcDbScale
 70
     0
300
1-1/2" = 1'-0"
140
1.5
141
12.0
290
     0
  0
SCALE
  5
1F4
102
{ACAD_REACTORS
330
1D5
102
}
330
1D5
100
AcDbScale
 70
     0
300
3" = 1'-0"
140
3.0
141
12.0
290
     0
  0
SCALE
  5
1F5
102
{ACAD_REACTORS
330
1D5
102
}
330
1D5
100
AcDbScale
 70
     0
300
6" = 1'-0"
140
6.0
141
12.0
290
     0
  0
SCALE
  5
1F6
102
{ACAD_REACTORS
330
1D5
102
}
330
1D5
100
AcDbScale
 70
     0
300
1'-0" = 1'-0"
140
12.0
141
12.0
290
     0
  0
TABLESTYLE
  5
1FD
102
{ACAD_REACTORS
330
15
102
}
102
{ACAD_XDICTIONARY
360
25D
102
}
330
15
100
AcDbTableStyle
  3
Standard
 70
     0
 71
     8
 40
1.5
 41
1.5
280
     0
281
     0
  7
Standard
140
4.5
170
     2
 62
     0
 63
   257
283
     0
 90
        4
 91
        0
  1

274
    -2
284
     1
 64
     0
275
    -2
285
     1
 65
     0
276
    -2
286
     1
 66
     0
277
    -2
287
     1
 67
     0
278
    -2
288
     1
 68
     0
279
    -2
289
     1
 69
     0
  7
Standard
140
6.0
170
     5
 62
     0
 63
   257
283
     0
 90
        4
 91
        0
  1

274
    -2
284
     1
 64
     0
275
    -2
285
     1
 65
     0
276
    -2
286
     1
 66
     0
277
    -2
287
     1
 67
     0
278
    -2
288
     1
 68
     0
279
    -2
289
     1
 69
     0
  7
Standard
140
4.5
170
     5
 62
     0
 63
   257
283
     0
 90
        4
 91
        0
  1

274
    -2
284
     1
 64
     0
275
    -2
285
     1
 65
     0
276
    -2
286
     1
 66
     0
277
    -2
287
     1
 67
     0
278
    -2
288
     1
 68
     0
279
    -2
289
     1
 69
     0
  0
VISUALSTYLE
  5
5A
102
{ACAD_REACTORS
330
16
102
}
330
16
100
AcDbVisualStyle
  2
2dWireframe
 70
     4
177
     3
291
     0
 70
    58
 90
        2
176
     1
 90
        2
176
     1
 90
        0
176
     1
 90
        0
176
     1
 40
0.6
176
     1
 40
30.0
176
     1
 62
     7
420
 16777215
176
     1
 90
        1
176
     1
 90
        4
176
     1
 62
     7
176
     1
 62
   257
176
     1
 90
        1
176
     1
 90
        1
176
     1
 40
1.0
176
     1
 90
        8
176
     1
 62
     7
176
     1
 40
1.0
176
     1
 90
        1
176
     1
 90
        6
176
     1
 90
        2
176
     1
 62
     7
176
     1
 90
        5
176
     1
 90
        0
176
     1
 90
        0
176
     1
290
     0
176
     1
 90
        1
176
     1
 40
0.0
176
     1
 90
        0
176
     1
290
     1
176
     1
290
     1
176
     1
290
     0
176
     1
290
     0
176
     1
290
     0
176
     1
290
     0
176
     1
290
     0
176
     1
290
     0
176
     1
290
     0
176
     1
 90
       50
176
     1
 40
0.0
176
     1
 40
1.0
176
     1
 90
        0
176
     1
 62
    18
420
        0
176
     1
 90
       50
176
     1
 90
        3
176
     1
 62
     5
420
      255
176
     1
290
     0
176
     1
 90
       50
176
     1
 90
       50
176
     1
 90
       50
176
     1
290
     0
176
     1
 90
       50
176
     1
 62
   256
176
     0
 40
1.0
176
     0
 90
        2
176
     1
  1
strokes_ogs.tif
176
     1
290
     0
176
     1
 40
1.0
176
     1
 40
1.0
176
     1
  0
VISUALSTYLE
  5
5B
102
{ACAD_REACTORS
330
16
102
}
330
16
100
AcDbVisualStyle
  2
Basic
 70
     7
177
     3
291
     1
 70
    58
 90
        2
176
     1
 90
        2
176
     1
 90
        0
176
     1
 90
        1
176
     1
 40
0.6
176
     1
 40
30.0
176
     1
 62
     7
420
 16777215
176
     1
 90
        1
176
     1
 90
        4
176
     1
 62
     7
176
     1
 62
   257
176
     1
 90
        1
176
     1
 90
        1
176
     1
 40
1.0
176
     1
 90
        8
176
     1
 62
     7
176
     1
 40
1.0
176
     1
 90
        1
176
     1
 90
        6
176
     1
 90
        2
176
     1
 62
     7
176
     1
 90
        5
176
     1
 90
        0
176
     1
 90
        0
176
     1
290
     0
176
     1
 90
        1
176
     1
 40
0.0
176
     1
 90
        0
176
     1
290
     0
176
     1
290
     1
176
     1
290
     1
176
     1
290
     0
176
     1
290
     0
176
     1
290
     0
176
     1
290
     0
176
     1
290
     0
176
     1
290
     0
176
     1
 90
       50
176
     1
 40
0.0
176
     1
 40
1.0
176
     1
 90
        0
176
     1
 62
    18
420
        0
176
     1
 90
       50
176
     1
 90
        3
176
     1
 62
     5
420
      255
176
     1
290
     0
176
     1
 90
       50
176
     1
 90
       50
176
     1
 90
       50
176
     1
290
     0
176
     1
 90
       50
176
     1
 62
   256
176
     0
 40
1.0
176
     0
 90
        2
176
     1
  1
strokes_ogs.tif
176
     1
290
     0
176
     1
 40
1.0
176
     1
 40
1.0
176
     1
  0
VISUALSTYLE
  5
5C
102
{ACAD_REACTORS
330
16
102
}
330
16
100
AcDbVisualStyle
  2
Brighten
 70
    12
177
     3
291
     1
 70
    58
 90
        2
176
     1
 90
        2
176
     1
 90
        0
176
     1
 90
        2
176
     1
 40
0.6
176
     1
 40
30.0
176
     1
 62
     7
420
 16777215
176
     1
 90
        1
176
     1
 90
        4
176
     1
 62
     7
176
     1
 62
   257
176
     1
 90
        1
176
     1
 90
        1
176
     1
 40
1.0
176
     1
 90
        8
176
     1
 62
     7
176
     1
 40
1.0
176
     1
 90
        1
176
     1
 90
        6
176
     1
 90
        2
176
     1
 62
     7
176
     1
 90
        5
176
     1
 90
        0
176
     1
 90
        0
176
     1
290
     0
176
     1
 90
        1
176
     1
 40
0.0
176
     1
 90
        0
176
     1
290
     0
176
     1
290
     1
176
     1
290
     1
176
     1
290
     0
176
     1
290
     0
176
     1
290
     0
176
     1
290
     0
176
     1
290
     0
176
     1
290
     0
176
     1
 90
       50
176
     1
 40
0.0
176
     1
 40
1.0
176
     1
 90
        0
176
     1
 62
    18
420
        0
176
     1
 90
       50
176
     1
 90
        3
176
     1
 62
     5
420
      255
176
     1
290
     0
176
     1
 90
       50
176
     1
 90
       50
176
     1
 90
       50
176
     1
290
     0
176
     1
 90
       50
176
     1
 62
   256
176
     0
 40
1.0
176
     0
 90
        2
176
     1
  1
strokes_ogs.tif
176
     1
290
     0
176
     1
 40
1.0
176
     1
 40
1.0
176
     1
  0
VISUALSTYLE
  5
5D
102
{ACAD_REACTORS
330
16
102
}
330
16
100
AcDbVisualStyle
  2
ColorChange
 70
    16
177
     3
291
     1
 70
    58
 90
        2
176
     1
 90
        2
176
     1
 90
        0
176
     1
 90
        2
176
     1
 40
0.6
176
     1
 40
30.0
176
     1
 62
     7
420
 16777215
176
     1
 90
        1
176
     1
 90
        4
176
     1
 62
     7
176
     1
 62
   257
176
     1
 90
        1
176
     1
 90
        1
176
     1
 40
1.0
176
     1
 90
        8
176
     1
 62
     7
176
     1
 40
1.0
176
     1
 90
        1
176
     1
 90
        6
176
     1
 90
        2
176
     1
 62
     7
176
     1
 90
        5
176
     1
 90
        0
176
     1
 90
        0
176
     1
290
     0
176
     1
 90
        1
176
     1
 40
0.0
176
     1
 90
        0
176
     1
290
     0
176
     1
290
     1
176
     1
290
     1
176
     1
290
     0
176
     1
290
     0
176
     1
290
     0
176
     1
290
     0
176
     1
290
     0
176
     1
290
     0
176
     1
 90
       50
176
     1
 40
0.0
176
     1
 40
1.0
176
     1
 90
        0
176
     1
 62
    18
420
        0
176
     1
 90
       50
176
     1
 90
        3
176
     1
 62
     5
420
      255
176
     1
290
     0
176
     1
 90
       50
176
     1
 90
       50
176
     1
 90
       50
176
     1
290
     0
176
     1
 90
       50
176
     1
 62
   256
176
     0
 40
1.0
176
     0
 90
        2
176
     1
  1
strokes_ogs.tif
176
     1
290
     0
176
     1
 40
1.0
176
     1
 40
1.0
176
     1
  0
VISUALSTYLE
  5
5E
102
{ACAD_REACTORS
330
16
102
}
330
16
100
AcDbVisualStyle
  2
Conceptual
 70
     9
177
     3
291
     0
 70
    58
 90
        2
176
     1
 90
        2
176
     1
 90
        0
176
     1
 90
        3
176
     1
 40
0.6
176
     1
 40
30.0
176
     1
 62
     7
420
 16777215
176
     1
 90
        1
176
     1
 90
        4
176
     1
 62
     7
176
     1
 62
   257
176
     1
 90
        1
176
     1
 90
        1
176
     1
 40
1.0
176
     1
 90
        8
176
     1
 62
     7
176
     1
 40
1.0
176
     1
 90
        1
176
     1
 90
        6
176
     1
 90
        2
176
     1
 62
     7
176
     1
 90
        5
176
     1
 90
        0
176
     1
 90
        0
176
     1
290
     0
176
     1
 90
        1
176
     1
 40
0.0
176
     1
 90
        0
176
     1
290
     0
176
     1
290
     1
176
     1
290
     1
176
     1
290
     0
176
     1
290
     0
176
     1
290
     0
176
     1
290
     0
176
     1
290
     0
176
     1
290
     0
176
     1
 90
       50
176
     1
 40
0.0
176
     1
 40
1.0
176
     1
 90
        0
176
     1
 62
    18
420
        0
176
     1
 90
       50
176
     1
 90
        3
176
     1
 62
     5
420
      255
176
     1
290
     0
176
     1
 90
       50
176
     1
 90
       50
176
     1
 90
       50
176
     1
290
     0
176
     1
 90
       50
176
     1
 62
   256
176
     0
 40
1.0
176
     0
 90
        2
176
     1
  1
strokes_ogs.tif
176
     1
290
     0
176
     1
 40
1.0
176
     1
 40
1.0
176
     1
  0
VISUALSTYLE
  5
5F
102
{ACAD_REACTORS
330
16
102
}
330
16
100
AcDbVisualStyle
  2
Dim
 70
    11
177
     3
291
     1
 70
    58
 90
        2
176
     1
 90
        2
176
     1
 90
        0
176
     1
 90
        2
176
     1
 40
0.6
176
     1
 40
30.0
176
     1
 62
     7
420
 16777215
176
     1
 90
        1
176
     1
 90
        4
176
     1
 62
     7
176
     1
 62
   257
176
     1
 90
        1
176
     1
 90
        1
176
     1
 40
1.0
176
     1
 90
        8
176
     1
 62
     7
176
     1
 40
1.0
176
     1
 90
        1
176
     1
 90
        6
176
     1
 90
        2
176
     1
 62
     7
176
     1
 90
        5
176
     1
 90
        0
176
     1
 90
        0
176
     1
290
     0
176
     1
 90
        1
176
     1
 40
0.0
176
     1
 90
        0
176
     1
290
     0
176
     1
290
     1
176
     1
290
     1
176
     1
290
     0
176
     1
290
     0
176
     1
290
     0
176
     1
290
     0
176
     1
290
     0
176
     1
290
     0
176
     1
 90
       50
176
     1
 40
0.0
176
     1
 40
1.0
176
     1
 90
        0
176
     1
 62
    18
420
        0
176
     1
 90
       50
176
     1
 90
        3
176
     1
 62
     5
420
      255
176
     1
290
     0
176
     1
 90
       50
176
     1
 90
       50
176
     1
 90
       50
176
     1
290
     0
176
     1
 90
       50
176
     1
 62
   256
176
     0
 40
1.0
176
     0
 90
        2
176
     1
  1
strokes_ogs.tif
176
     1
290
     0
176
     1
 40
1.0
176
     1
 40
1.0
176
     1
  0
VISUALSTYLE
  5
60
102
{ACAD_REACTORS
330
16
102
}
330
16
100
AcDbVisualStyle
  2
EdgeColorOff
 70
    22
177
     3
291
     1
 70
    58
 90
        2
176
     1
 90
        2
176
     1
 90
        0
176
     1
 90
        2
176
     1
 40
0.6
176
     1
 40
30.0
176
     1
 62
     7
420
 16777215
176
     1
 90
        1
176
     1
 90
        4
176
     1
 62
     7
176
     1
 62
   257
176
     1
 90
        1
176
     1
 90
        1
176
     1
 40
1.0
176
     1
 90
        8
176
     1
 62
     7
176
     1
 40
1.0
176
     1
 90
        1
176
     1
 90
        6
176
     1
 90
        2
176
     1
 62
     7
176
     1
 90
        5
176
     1
 90
        0
176
     1
 90
        0
176
     1
290
     0
176
     1
 90
        1
176
     1
 40
0.0
176
     1
 90
        0
176
     1
290
     0
176
     1
290
     1
176
     1
290
     1
176
     1
290
     0
176
     1
290
     0
176
     1
290
     0
176
     1
290
     0
176
     1
290
     0
176
     1
290
     0
176
     1
 90
       50
176
     1
 40
0.0
176
     1
 40
1.0
176
     1
 90
        0
176
     1
 62
    18
420
        0
176
     1
 90
       50
176
     1
 90
        3
176
     1
 62
     5
420
      255
176
     1
290
     0
176
     1
 90
       50
176
     1
 90
       50
176
     1
 90
       50
176
     1
290
     0
176
     1
 90
       50
176
     1
 62
   256
176
     0
 40
1.0
176
     0
 90
        2
176
     1
  1
strokes_ogs.tif
176
     1
290
     0
176
     1
 40
1.0
176
     1
 40
1.0
176
     1
  0
VISUALSTYLE
  5
61
102
{ACAD_REACTORS
330
16
102
}
330
16
100
AcDbVisualStyle
  2
Facepattern
 70
    15
177
     3
291
     1
 70
    58
 90
        2
176
     1
 90
        2
176
     1
 90
        0
176
     1
 90
        2
176
     1
 40
0.6
176
     1
 40
30.0
176
     1
 62
     7
420
 16777215
176
     1
 90
        1
176
     1
 90
        4
176
     1
 62
     7
176
     1
 62
   257
176
     1
 90
        1
176
     1
 90
        1
176
     1
 40
1.0
176
     1
 90
        8
176
     1
 62
     7
176
     1
 40
1.0
176
     1
 90
        1
176
     1
 90
        6
176
     1
 90
        2
176
     1
 62
     7
176
     1
 90
        5
176
     1
 90
        0
176
     1
 90
        0
176
     1
290
     0
176
     1
 90
        1
176
     1
 40
0.0
176
     1
 90
        0
176
     1
290
     0
176
     1
290
     1
176
     1
290
     1
176
     1
290
     0
176
     1
290
     0
176
     1
290
     0
176
     1
290
     0
176
     1
290
     0
176
     1
290
     0
176
     1
 90
       50
176
     1
 40
0.0
176
     1
 40
1.0
176
     1
 90
        0
176
     1
 62
    18
420
        0
176
     1
 90
       50
176
     1
 90
        3
176
     1
 62
     5
420
      255
176
     1
290
     0
176
     1
 90
       50
176
     1
 90
       50
176
     1
 90
       50
176
     1
290
     0
176
     1
 90
       50
176
     1
 62
   256
176
     0
 40
1.0
176
     0
 90
        2
176
     1
  1
strokes_ogs.tif
176
     1
290
     0
176
     1
 40
1.0
176
     1
 40
1.0
176
     1
  0
VISUALSTYLE
  5
62
102
{ACAD_REACTORS
330
16
102
}
330
16
100
AcDbVisualStyle
  2
Flat
 70
     0
177
     3
291
     1
 70
    58
 90
        2
176
     1
 90
        2
176
     1
 90
        0
176
     1
 90
        2
176
     1
 40
0.6
176
     1
 40
30.0
176
     1
 62
     7
420
 16777215
176
     1
 90
        1
176
     1
 90
        4
176
     1
 62
     7
176
     1
 62
   257
176
     1
 90
        1
176
     1
 90
        1
176
     1
 40
1.0
176
     1
 90
        8
176
     1
 62
     7
176
     1
 40
1.0
176
     1
 90
        1
176
     1
 90
        6
176
     1
 90
        2
176
     1
 62
     7
176
     1
 90
        5
176
     1
 90
        0
176
     1
 90
        0
176
     1
290
     0
176
     1
 90
        1
176
     1
 40
0.0
176
     1
 90
        0
176
     1
290
     0
176
     1
290
     1
176
     1
290
     1
176
     1
290
     0
176
     1
290
     0
176
     1
290
     0
176
     1
290
     0
176
     1
290
     0
176
     1
290
     0
176
     1
 90
       50
176
     1
 40
0.0
176
     1
 40
1.0
176
     1
 90
        0
176
     1
 62
    18
420
        0
176
     1
 90
       50
176
     1
 90
        3
176
     1
 62
     5
420
      255
176
     1
290
     0
176
     1
 90
       50
176
     1
 90
       50
176
     1
 90
       50
176
     1
290
     0
176
     1
 90
       50
176
     1
 62
   256
176
     0
 40
1.0
176
     0
 90
        2
176
     1
  1
strokes_ogs.tif
176
     1
290
     0
176
     1
 40
1.0
176
     1
 40
1.0
176
     1
  0
VISUALSTYLE
  5
63
102
{ACAD_REACTORS
330
16
102
}
330
16
100
AcDbVisualStyle
  2
FlatWithEdges
 70
     1
177
     3
291
     1
 70
    58
 90
        2
176
     1
 90
        2
176
     1
 90
        0
176
     1
 90
        2
176
     1
 40
0.6
176
     1
 40
30.0
176
     1
 62
     7
420
 16777215
176
     1
 90
        1
176
     1
 90
        4
176
     1
 62
     7
176
     1
 62
   257
176
     1
 90
        1
176
     1
 90
        1
176
     1
 40
1.0
176
     1
 90
        8
176
     1
 62
     7
176
     1
 40
1.0
176
     1
 90
        1
176
     1
 90
        6
176
     1
 90
        2
176
     1
 62
     7
176
     1
 90
        5
176
     1
 90
        0
176
     1
 90
        0
176
     1
290
     0
176
     1
 90
        1
176
     1
 40
0.0
176
     1
 90
        0
176
     1
290
     0
176
     1
290
     1
176
     1
290
     1
176
     1
290
     0
176
     1
290
     0
176
     1
290
     0
176
     1
290
     0
176
     1
290
     0
176
     1
290
     0
176
     1
 90
       50
176
     1
 40
0.0
176
     1
 40
1.0
176
     1
 90
        0
176
     1
 62
    18
420
        0
176
     1
 90
       50
176
     1
 90
        3
176
     1
 62
     5
420
      255
176
     1
290
     0
176
     1
 90
       50
176
     1
 90
       50
176
     1
 90
       50
176
     1
290
     0
176
     1
 90
       50
176
     1
 62
   256
176
     0
 40
1.0
176
     0
 90
        2
176
     1
  1
strokes_ogs.tif
176
     1
290
     0
176
     1
 40
1.0
176
     1
 40
1.0
176
     1
  0
VISUALSTYLE
  5
64
102
{ACAD_REACTORS
330
16
102
}
330
16
100
AcDbVisualStyle
  2
Gouraud
 70
     2
177
     3
291
     1
 70
    58
 90
        2
176
     1
 90
        2
176
     1
 90
        0
176
     1
 90
        2
176
     1
 40
0.6
176
     1
 40
30.0
176
     1
 62
     7
420
 16777215
176
     1
 90
        1
176
     1
 90
        4
176
     1
 62
     7
176
     1
 62
   257
176
     1
 90
        1
176
     1
 90
        1
176
     1
 40
1.0
176
     1
 90
        8
176
     1
 62
     7
176
     1
 40
1.0
176
     1
 90
        1
176
     1
 90
        6
176
     1
 90
        2
176
     1
 62
     7
176
     1
 90
        5
176
     1
 90
        0
176
     1
 90
        0
176
     1
290
     0
176
     1
 90
        1
176
     1
 40
0.0
176
     1
 90
        0
176
     1
290
     0
176
     1
290
     1
176
     1
290
     1
176
     1
290
     0
176
     1
290
     0
176
     1
290
     0
176
     1
290
     0
176
     1
290
     0
176
     1
290
     0
176
     1
 90
       50
176
     1
 40
0.0
176
     1
 40
1.0
176
     1
 90
        0
176
     1
 62
    18
420
        0
176
     1
 90
       50
176
     1
 90
        3
176
     1
 62
     5
420
      255
176
     1
290
     0
176
     1
 90
       50
176
     1
 90
       50
176
     1
 90
       50
176
     1
290
     0
176
     1
 90
       50
176
     1
 62
   256
176
     0
 40
1.0
176
     0
 90
        2
176
     1
  1
strokes_ogs.tif
176
     1
290
     0
176
     1
 40
1.0
176
     1
 40
1.0
176
     1
  0
VISUALSTYLE
  5
65
102
{ACAD_REACTORS
330
16
102
}
330
16
100
AcDbVisualStyle
  2
GouraudWithEdges
 70
     3
177
     3
291
     1
 70
    58
 90
        2
176
     1
 90
        2
176
     1
 90
        0
176
     1
 90
        2
176
     1
 40
0.6
176
     1
 40
30.0
176
     1
 62
     7
420
 16777215
176
     1
 90
        1
176
     1
 90
        4
176
     1
 62
     7
176
     1
 62
   257
176
     1
 90
        1
176
     1
 90
        1
176
     1
 40
1.0
176
     1
 90
        8
176
     1
 62
     7
176
     1
 40
1.0
176
     1
 90
        1
176
     1
 90
        6
176
     1
 90
        2
176
     1
 62
     7
176
     1
 90
        5
176
     1
 90
        0
176
     1
 90
        0
176
     1
290
     0
176
     1
 90
        1
176
     1
 40
0.0
176
     1
 90
        0
176
     1
290
     0
176
     1
290
     1
176
     1
290
     1
176
     1
290
     0
176
     1
290
     0
176
     1
290
     0
176
     1
290
     0
176
     1
290
     0
176
     1
290
     0
176
     1
 90
       50
176
     1
 40
0.0
176
     1
 40
1.0
176
     1
 90
        0
176
     1
 62
    18
420
        0
176
     1
 90
       50
176
     1
 90
        3
176
     1
 62
     5
420
      255
176
     1
290
     0
176
     1
 90
       50
176
     1
 90
       50
176
     1
 90
       50
176
     1
290
     0
176
     1
 90
       50
176
     1
 62
   256
176
     0
 40
1.0
176
     0
 90
        2
176
     1
  1
strokes_ogs.tif
176
     1
290
     0
176
     1
 40
1.0
176
     1
 40
1.0
176
     1
  0
VISUALSTYLE
  5
66
102
{ACAD_REACTORS
330
16
102
}
330
16
100
AcDbVisualStyle
  2
Hidden
 70
     6
177
     3
291
     0
 70
    58
 90
        2
176
     1
 90
        2
176
     1
 90
        0
176
     1
 90
        1
176
     1
 40
0.6
176
     1
 40
30.0
176
     1
 62
     7
420
 16777215
176
     1
 90
        1
176
     1
 90
        4
176
     1
 62
     7
176
     1
 62
   257
176
     1
 90
        1
176
     1
 90
        1
176
     1
 40
1.0
176
     1
 90
        8
176
     1
 62
     7
176
     1
 40
1.0
176
     1
 90
        1
176
     1
 90
        6
176
     1
 90
        2
176
     1
 62
     7
176
     1
 90
        5
176
     1
 90
        0
176
     1
 90
        0
176
     1
290
     0
176
     1
 90
        1
176
     1
 40
0.0
176
     1
 90
        0
176
     1
290
     0
176
     1
290
     1
176
     1
290
     1
176
     1
290
     0
176
     1
290
     0
176
     1
290
     0
176
     1
290
     0
176
     1
290
     0
176
     1
290
     0
176
     1
 90
       50
176
     1
 40
0.0
176
     1
 40
1.0
176
     1
 90
        0
176
     1
 62
    18
420
        0
176
     1
 90
       50
176
     1
 90
        3
176
     1
 62
     5
420
      255
176
     1
290
     0
176
     1
 90
       50
176
     1
 90
       50
176
     1
 90
       50
176
     1
290
     0
176
     1
 90
       50
176
     1
 62
   256
176
     0
 40
1.0
176
     0
 90
        2
176
     1
  1
strokes_ogs.tif
176
     1
290
     0
176
     1
 40
1.0
176
     1
 40
1.0
176
     1
  0
VISUALSTYLE
  5
67
102
{ACAD_REACTORS
330
16
102
}
330
16
100
AcDbVisualStyle
  2
JitterOff
 70
    20
177
     3
291
     1
 70
    58
 90
        2
176
     1
 90
        2
176
     1
 90
        0
176
     1
 90
        2
176
     1
 40
0.6
176
     1
 40
30.0
176
     1
 62
     7
420
 16777215
176
     1
 90
        1
176
     1
 90
        4
176
     1
 62
     7
176
     1
 62
   257
176
     1
 90
        1
176
     1
 90
        1
176
     1
 40
1.0
176
     1
 90
        8
176
     1
 62
     7
176
     1
 40
1.0
176
     1
 90
        1
176
     1
 90
        6
176
     1
 90
        2
176
     1
 62
     7
176
     1
 90
        5
176
     1
 90
        0
176
     1
 90
        0
176
     1
290
     0
176
     1
 90
        1
176
     1
 40
0.0
176
     1
 90
        0
176
     1
290
     0
176
     1
290
     1
176
     1
290
     1
176
     1
290
     0
176
     1
290
     0
176
     1
290
     0
176
     1
290
     0
176
     1
290
     0
176
     1
290
     0
176
     1
 90
       50
176
     1
 40
0.0
176
     1
 40
1.0
176
     1
 90
        0
176
     1
 62
    18
420
        0
176
     1
 90
       50
176
     1
 90
        3
176
     1
 62
     5
420
      255
176
     1
290
     0
176
     1
 90
       50
176
     1
 90
       50
176
     1
 90
       50
176
     1
290
     0
176
     1
 90
       50
176
     1
 62
   256
176
     0
 40
1.0
176
     0
 90
        2
176
     1
  1
strokes_ogs.tif
176
     1
290
     0
176
     1
 40
1.0
176
     1
 40
1.0
176
     1
  0
VISUALSTYLE
  5
68
102
{ACAD_REACTORS
330
16
102
}
330
16
100
AcDbVisualStyle
  2
Linepattern
 70
    14
177
     3
291
     1
 70
    58
 90
        2
176
     1
 90
        2
176
     1
 90
        0
176
     1
 90
        2
176
     1
 40
0.6
176
     1
 40
30.0
176
     1
 62
     7
420
 16777215
176
     1
 90
        1
176
     1
 90
        4
176
     1
 62
     7
176
     1
 62
   257
176
     1
 90
        1
176
     1
 90
        1
176
     1
 40
1.0
176
     1
 90
        8
176
     1
 62
     7
176
     1
 40
1.0
176
     1
 90
        1
176
     1
 90
        6
176
     1
 90
        2
176
     1
 62
     7
176
     1
 90
        5
176
     1
 90
        0
176
     1
 90
        0
176
     1
290
     0
176
     1
 90
        1
176
     1
 40
0.0
176
     1
 90
        0
176
     1
290
     0
176
     1
290
     1
176
     1
290
     1
176
     1
290
     0
176
     1
290
     0
176
     1
290
     0
176
     1
290
     0
176
     1
290
     0
176
     1
290
     0
176
     1
 90
       50
176
     1
 40
0.0
176
     1
 40
1.0
176
     1
 90
        0
176
     1
 62
    18
420
        0
176
     1
 90
       50
176
     1
 90
        3
176
     1
 62
     5
420
      255
176
     1
290
     0
176
     1
 90
       50
176
     1
 90
       50
176
     1
 90
       50
176
     1
290
     0
176
     1
 90
       50
176
     1
 62
   256
176
     0
 40
1.0
176
     0
 90
        2
176
     1
  1
strokes_ogs.tif
176
     1
290
     0
176
     1
 40
1.0
176
     1
 40
1.0
176
     1
  0
VISUALSTYLE
  5
69
102
{ACAD_REACTORS
330
16
102
}
330
16
100
AcDbVisualStyle
  2
Modeling
 70
    10
177
     3
291
     0
 70
    58
 90
        2
176
     1
 90
        2
176
     1
 90
        0
176
     1
 90
        2
176
     1
 40
0.6
176
     1
 40
30.0
176
     1
 62
     7
420
 16777215
176
     1
 90
        1
176
     1
 90
        4
176
     1
 62
     7
176
     1
 62
   257
176
     1
 90
        1
176
     1
 90
        1
176
     1
 40
1.0
176
     1
 90
        8
176
     1
 62
     7
176
     1
 40
1.0
176
     1
 90
        1
176
     1
 90
        6
176
     1
 90
        2
176
     1
 62
     7
176
     1
 90
        5
176
     1
 90
        0
176
     1
 90
        0
176
     1
290
     0
176
     1
 90
        1
176
     1
 40
0.0
176
     1
 90
        0
176
     1
290
     0
176
     1
290
     1
176
     1
290
     1
176
     1
290
     0
176
     1
290
     0
176
     1
290
     0
176
     1
290
     0
176
     1
290
     0
176
     1
290
     0
176
     1
 90
       50
176
     1
 40
0.0
176
     1
 40
1.0
176
     1
 90
        0
176
     1
 62
    18
420
        0
176
     1
 90
       50
176
     1
 90
        3
176
     1
 62
     5
420
      255
176
     1
290
     0
176
     1
 90
       50
176
     1
 90
       50
176
     1
 90
       50
176
     1
290
     0
176
     1
 90
       50
176
     1
 62
   256
176
     0
 40
1.0
176
     0
 90
        2
176
     1
  1
strokes_ogs.tif
176
     1
290
     0
176
     1
 40
1.0
176
     1
 40
1.0
176
     1
  0
VISUALSTYLE
  5
6A
102
{ACAD_REACTORS
330
16
102
}
330
16
100
AcDbVisualStyle
  2
OverhangOff
 70
    21
177
     3
291
     1
 70
    58
 90
        2
176
     1
 90
        2
176
     1
 90
        0
176
     1
 90
        2
176
     1
 40
0.6
176
     1
 40
30.0
176
     1
 62
     7
420
 16777215
176
     1
 90
        1
176
     1
 90
        4
176
     1
 62
     7
176
     1
 62
   257
176
     1
 90
        1
176
     1
 90
        1
176
     1
 40
1.0
176
     1
 90
        8
176
     1
 62
     7
176
     1
 40
1.0
176
     1
 90
        1
176
     1
 90
        6
176
     1
 90
        2
176
     1
 62
     7
176
     1
 90
        5
176
     1
 90
        0
176
     1
 90
        0
176
     1
290
     0
176
     1
 90
        1
176
     1
 40
0.0
176
     1
 90
        0
176
     1
290
     0
176
     1
290
     1
176
     1
290
     1
176
     1
290
     0
176
     1
290
     0
176
     1
290
     0
176
     1
290
     0
176
     1
290
     0
176
     1
290
     0
176
     1
 90
       50
176
     1
 40
0.0
176
     1
 40
1.0
176
     1
 90
        0
176
     1
 62
    18
420
        0
176
     1
 90
       50
176
     1
 90
        3
176
     1
 62
     5
420
      255
176
     1
290
     0
176
     1
 90
       50
176
     1
 90
       50
176
     1
 90
       50
176
     1
290
     0
176
     1
 90
       50
176
     1
 62
   256
176
     0
 40
1.0
176
     0
 90
        2
176
     1
  1
strokes_ogs.tif
176
     1
290
     0
176
     1
 40
1.0
176
     1
 40
1.0
176
     1
  0
VISUALSTYLE
  5
6B
102
{ACAD_REACTORS
330
16
102
}
330
16
100
AcDbVisualStyle
  2
Realistic
 70
     8
177
     3
291
     0
 70
    58
 90
        2
176
     1
 90
        2
176
     1
 90
        0
176
     1
 90
        2
176
     1
 40
0.6
176
     1
 40
30.0
176
     1
 62
     7
420
 16777215
176
     1
 90
        1
176
     1
 90
        4
176
     1
 62
     7
176
     1
 62
   257
176
     1
 90
        1
176
     1
 90
        1
176
     1
 40
1.0
176
     1
 90
        8
176
     1
 62
     7
176
     1
 40
1.0
176
     1
 90
        1
176
     1
 90
        6
176
     1
 90
        2
176
     1
 62
     7
176
     1
 90
        5
176
     1
 90
        0
176
     1
 90
        0
176
     1
290
     0
176
     1
 90
        1
176
     1
 40
0.0
176
     1
 90
        0
176
     1
290
     0
176
     1
290
     1
176
     1
290
     1
176
     1
290
     0
176
     1
290
     0
176
     1
290
     0
176
     1
290
     0
176
     1
290
     0
176
     1
290
     0
176
     1
 90
       50
176
     1
 40
0.0
176
     1
 40
1.0
176
     1
 90
        0
176
     1
 62
    18
420
        0
176
     1
 90
       50
176
     1
 90
        3
176
     1
 62
     5
420
      255
176
     1
290
     0
176
     1
 90
       50
176
     1
 90
       50
176
     1
 90
       50
176
     1
290
     0
176
     1
 90
       50
176
     1
 62
   256
176
     0
 40
1.0
176
     0
 90
        2
176
     1
  1
strokes_ogs.tif
176
     1
290
     0
176
     1
 40
1.0
176
     1
 40
1.0
176
     1
  0
VISUALSTYLE
  5
6C
102
{ACAD_REACTORS
330
16
102
}
330
16
100
AcDbVisualStyle
  2
Shaded
 70
    27
177
     3
291
     0
 70
    58
 90
        2
176
     1
 90
        2
176
     1
 90
        0
176
     1
 90
        2
176
     1
 40
0.6
176
     1
 40
30.0
176
     1
 62
     7
420
 16777215
176
     1
 90
        1
176
     1
 90
        4
176
     1
 62
     7
176
     1
 62
   257
176
     1
 90
        1
176
     1
 90
        1
176
     1
 40
1.0
176
     1
 90
        8
176
     1
 62
     7
176
     1
 40
1.0
176
     1
 90
        1
176
     1
 90
        6
176
     1
 90
        2
176
     1
 62
     7
176
     1
 90
        5
176
     1
 90
        0
176
     1
 90
        0
176
     1
290
     0
176
     1
 90
        1
176
     1
 40
0.0
176
     1
 90
        0
176
     1
290
     0
176
     1
290
     1
176
     1
290
     1
176
     1
290
     0
176
     1
290
     0
176
     1
290
     0
176
     1
290
     0
176
     1
290
     0
176
     1
290
     0
176
     1
 90
       50
176
     1
 40
0.0
176
     1
 40
1.0
176
     1
 90
        0
176
     1
 62
    18
420
        0
176
     1
 90
       50
176
     1
 90
        3
176
     1
 62
     5
420
      255
176
     1
290
     0
176
     1
 90
       50
176
     1
 90
       50
176
     1
 90
       50
176
     1
290
     0
176
     1
 90
       50
176
     1
 62
   256
176
     0
 40
1.0
176
     0
 90
        2
176
     1
  1
strokes_ogs.tif
176
     1
290
     0
176
     1
 40
1.0
176
     1
 40
1.0
176
     1
  0
VISUALSTYLE
  5
6D
102
{ACAD_REACTORS
330
16
102
}
330
16
100
AcDbVisualStyle
  2
Shaded with edges
 70
    26
177
     3
291
     0
 70
    58
 90
        2
176
     1
 90
        2
176
     1
 90
        0
176
     1
 90
        2
176
     1
 40
0.6
176
     1
 40
30.0
176
     1
 62
     7
420
 16777215
176
     1
 90
        1
176
     1
 90
        4
176
     1
 62
     7
176
     1
 62
   257
176
     1
 90
        1
176
     1
 90
        1
176
     1
 40
1.0
176
     1
 90
        8
176
     1
 62
     7
176
     1
 40
1.0
176
     1
 90
        1
176
     1
 90
        6
176
     1
 90
        2
176
     1
 62
     7
176
     1
 90
        5
176
     1
 90
        0
176
     1
 90
        0
176
     1
290
     0
176
     1
 90
        1
176
     1
 40
0.0
176
     1
 90
        0
176
     1
290
     0
176
     1
290
     1
176
     1
290
     1
176
     1
290
     0
176
     1
290
     0
176
     1
290
     0
176
     1
290
     0
176
     1
290
     0
176
     1
290
     0
176
     1
 90
       50
176
     1
 40
0.0
176
     1
 40
1.0
176
     1
 90
        0
176
     1
 62
    18
420
        0
176
     1
 90
       50
176
     1
 90
        3
176
     1
 62
     5
420
      255
176
     1
290
     0
176
     1
 90
       50
176
     1
 90
       50
176
     1
 90
       50
176
     1
290
     0
176
     1
 90
       50
176
     1
 62
   256
176
     0
 40
1.0
176
     0
 90
        2
176
     1
  1
strokes_ogs.tif
176
     1
290
     0
176
     1
 40
1.0
176
     1
 40
1.0
176
     1
  0
VISUALSTYLE
  5
6E
102
{ACAD_REACTORS
330
16
102
}
330
16
100
AcDbVisualStyle
  2
Shades of Gray
 70
    23
177
     3
291
     0
 70
    58
 90
        2
176
     1
 90
        2
176
     1
 90
        0
176
     1
 90
        2
176
     1
 40
0.6
176
     1
 40
30.0
176
     1
 62
     7
420
 16777215
176
     1
 90
        1
176
     1
 90
        4
176
     1
 62
     7
176
     1
 62
   257
176
     1
 90
        1
176
     1
 90
        1
176
     1
 40
1.0
176
     1
 90
        8
176
     1
 62
     7
176
     1
 40
1.0
176
     1
 90
        1
176
     1
 90
        6
176
     1
 90
        2
176
     1
 62
     7
176
     1
 90
        5
176
     1
 90
        0
176
     1
 90
        0
176
     1
290
     0
176
     1
 90
        1
176
     1
 40
0.0
176
     1
 90
        0
176
     1
290
     0
176
     1
290
     1
176
     1
290
     1
176
     1
290
     0
176
     1
290
     0
176
     1
290
     0
176
     1
290
     0
176
     1
290
     0
176
     1
290
     0
176
     1
 90
       50
176
     1
 40
0.0
176
     1
 40
1.0
176
     1
 90
        0
176
     1
 62
    18
420
        0
176
     1
 90
       50
176
     1
 90
        3
176
     1
 62
     5
420
      255
176
     1
290
     0
176
     1
 90
       50
176
     1
 90
       50
176
     1
 90
       50
176
     1
290
     0
176
     1
 90
       50
176
     1
 62
   256
176
     0
 40
1.0
176
     0
 90
        2
176
     1
  1
strokes_ogs.tif
176
     1
290
     0
176
     1
 40
1.0
176
     1
 40
1.0
176
     1
  0
VISUALSTYLE
  5
6F
102
{ACAD_REACTORS
330
16
102
}
330
16
100
AcDbVisualStyle
  2
Sketchy
 70
    24
177
     3
291
     0
 70
    58
 90
        2
176
     1
 90
        2
176
     1
 90
        0
176
     1
 90
        1
176
     1
 40
0.6
176
     1
 40
30.0
176
     1
 62
     7
420
 16777215
176
     1
 90
        1
176
     1
 90
        4
176
     1
 62
     7
176
     1
 62
   257
176
     1
 90
        1
176
     1
 90
        1
176
     1
 40
1.0
176
     1
 90
        8
176
     1
 62
     7
176
     1
 40
1.0
176
     1
 90
        1
176
     1
 90
        6
176
     1
 90
        2
176
     1
 62
     7
176
     1
 90
        5
176
     1
 90
        0
176
     1
 90
        0
176
     1
290
     0
176
     1
 90
        1
176
     1
 40
0.0
176
     1
 90
        0
176
     1
290
     0
176
     1
290
     1
176
     1
290
     1
176
     1
290
     0
176
     1
290
     0
176
     1
290
     0
176
     1
290
     0
176
     1
290
     0
176
     1
290
     0
176
     1
 90
       50
176
     1
 40
0.0
176
     1
 40
1.0
176
     1
 90
        0
176
     1
 62
    18
420
        0
176
     1
 90
       50
176
     1
 90
        3
176
     1
 62
     5
420
      255
176
     1
290
     0
176
     1
 90
       50
176
     1
 90
       50
176
     1
 90
       50
176
     1
290
     0
176
     1
 90
       50
176
     1
 62
   256
176
     0
 40
1.0
176
     0
 90
        2
176
     1
  1
strokes_ogs.tif
176
     1
290
     0
176
     1
 40
1.0
176
     1
 40
1.0
176
     1
  0
VISUALSTYLE
  5
70
102
{ACAD_REACTORS
330
16
102
}
330
16
100
AcDbVisualStyle
  2
Thicken
 70
    13
177
     3
291
     1
 70
    58
 90
        2
176
     1
 90
        2
176
     1
 90
        0
176
     1
 90
        2
176
     1
 40
0.6
176
     1
 40
30.0
176
     1
 62
     7
420
 16777215
176
     1
 90
        1
176
     1
 90
        4
176
     1
 62
     7
176
     1
 62
   257
176
     1
 90
        1
176
     1
 90
        1
176
     1
 40
1.0
176
     1
 90
        8
176
     1
 62
     7
176
     1
 40
1.0
176
     1
 90
        1
176
     1
 90
        6
176
     1
 90
        2
176
     1
 62
     7
176
     1
 90
        5
176
     1
 90
        0
176
     1
 90
        0
176
     1
290
     0
176
     1
 90
        1
176
     1
 40
0.0
176
     1
 90
        0
176
     1
290
     0
176
     1
290
     1
176
     1
290
     1
176
     1
290
     0
176
     1
290
     0
176
     1
290
     0
176
     1
290
     0
176
     1
290
     0
176
     1
290
     0
176
     1
 90
       50
176
     1
 40
0.0
176
     1
 40
1.0
176
     1
 90
        0
176
     1
 62
    18
420
        0
176
     1
 90
       50
176
     1
 90
        3
176
     1
 62
     5
420
      255
176
     1
290
     0
176
     1
 90
       50
176
     1
 90
       50
176
     1
 90
       50
176
     1
290
     0
176
     1
 90
       50
176
     1
 62
   256
176
     0
 40
1.0
176
     0
 90
        2
176
     1
  1
strokes_ogs.tif
176
     1
290
     0
176
     1
 40
1.0
176
     1
 40
1.0
176
     1
  0
VISUALSTYLE
  5
71
102
{ACAD_REACTORS
330
16
102
}
330
16
100
AcDbVisualStyle
  2
Wireframe
 70
     5
177
     3
291
     0
 70
    58
 90
        2
176
     1
 90
        2
176
     1
 90
        0
176
     1
 90
        0
176
     1
 40
0.6
176
     1
 40
30.0
176
     1
 62
     7
420
 16777215
176
     1
 90
        1
176
     1
 90
        4
176
     1
 62
     7
176
     1
 62
   257
176
     1
 90
        1
176
     1
 90
        1
176
     1
 40
1.0
176
     1
 90
        8
176
     1
 62
     7
176
     1
 40
1.0
176
     1
 90
        1
176
     1
 90
        6
176
     1
 90
        2
176
     1
 62
     7
176
     1
 90
        5
176
     1
 90
        0
176
     1
 90
        0
176
     1
290
     0
176
     1
 90
        1
176
     1
 40
0.0
176
     1
 90
        0
176
     1
290
     0
176
     1
290
     1
176
     1
290
     1
176
     1
290
     0
176
     1
290
     0
176
     1
290
     0
176
     1
290
     0
176
     1
290
     0
176
     1
290
     0
176
     1
 90
       50
176
     1
 40
0.0
176
     1
 40
1.0
176
     1
 90
        0
176
     1
 62
    18
420
        0
176
     1
 90
       50
176
     1
 90
        3
176
     1
 62
     5
420
      255
176
     1
290
     0
176
     1
 90
       50
176
     1
 90
       50
176
     1
 90
       50
176
     1
290
     0
176
     1
 90
       50
176
     1
 62
   256
176
     0
 40
1.0
176
     0
 90
        2
176
     1
  1
strokes_ogs.tif
176
     1
290
     0
176
     1
 40
1.0
176
     1
 40
1.0
176
     1
  0
VISUALSTYLE
  5
72
102
{ACAD_REACTORS
330
16
102
}
330
16
100
AcDbVisualStyle
  2
X-Ray
 70
    25
177
     3
291
     0
 70
    58
 90
        2
176
     1
 90
        2
176
     1
 90
        0
176
     1
 90
        2
176
     1
 40
0.5
176
     1
 40
30.0
176
     1
 62
     7
420
 16777215
176
     1
 90
        1
176
     1
 90
        4
176
     1
 62
     7
176
     1
 62
   257
176
     1
 90
        1
176
     1
 90
        1
176
     1
 40
1.0
176
     1
 90
        8
176
     1
 62
     7
176
     1
 40
1.0
176
     1
 90
        1
176
     1
 90
        6
176
     1
 90
        2
176
     1
 62
     7
176
     1
 90
        5
176
     1
 90
        0
176
     1
 90
        0
176
     1
290
     0
176
     1
 90
        1
176
     1
 40
0.0
176
     1
 90
        0
176
     1
290
     0
176
     1
290
     1
176
     1
290
     1
176
     1
290
     0
176
     1
290
     0
176
     1
290
     0
176
     1
290
     0
176
     1
290
     0
176
     1
290
     0
176
     1
 90
       50
176
     1
 40
0.0
176
     1
 40
1.0
176
     1
 90
        0
176
     1
 62
    18
420
        0
176
     1
 90
       50
176
     1
 90
        3
176
     1
 62
     5
420
      255
176
     1
290
     0
176
     1
 90
       50
176
     1
 90
       50
176
     1
 90
       50
176
     1
290
     0
176
     1
 90
       50
176
     1
 62
   256
176
     0
 40
1.0
176
     0
 90
        2
176
     1
  1
strokes_ogs.tif
176
     1
290
     0
176
     1
 40
1.0
176
     1
 40
1.0
176
     1
  0
DICTIONARYVAR
  5
25C
102
{ACAD_REACTORS
330
25B
102
}
330
25B
100
DictionaryVariables
280
     0
  1
1:1
  0
DICTIONARYVAR
  5
260
102
{ACAD_REACTORS
330
25B
102
}
330
25B
100
DictionaryVariables
280
     0
  1
1
  0
DICTIONARYVAR
  5
2E
330
2D
100
DictionaryVariables
280
     0
  1
1.4.2 @ 2026-02-05T23:47:42.037821+00:00
  0
DICTIONARYVAR
  5
1D3
330
2D
100
DictionaryVariables
280
     0
  1
1.4.2 @ 2026-02-05T23:47:42.051674+00:00
  0
XRECORD
  5
259
102
{ACAD_REACTORS
330
1F9
102
}
330
1F9
100
AcDbXrecord
280
     1
300
MC_VERSION_DATA
 90
       95
310
0600000002000000570000001C000000E404000000000000000000007801936764E5D8CFFA9993818115C460606066E0646662626666706006F218793899F8DE3171E725E6E53B3BBA2878E6951050AF75FEFFFFFF520036E40F2657000000
  0
XRECORD
  5
1FA
102
{ACAD_REACTORS
330
1F9
102
}
330
1F9
100
AcDbXrecord
280
     1
300
MCS_DOCUMENT_ID
 90
       60
310
0600000002000000150000001C000000E404000000000000000000007801E3AD159A6054A4F0D177A98E6A5CD10385F9FF81000059AA0A9015000000
  0
XRECORD
  5
257
102
{ACAD_REACTORS
330
1F9
102
}
330
1F9
100
AcDbXrecord
280
     1
300
MCS_PARAMS_DATA
 90
     3313
310
0600000002000000F64B00001C000000E404000000000000000000007801C55C5B6C5CC519DE9D595FD6B9DF494B53970A1A6F4A58DF92A6426A1A1210527090E23EF0543976A2BA75E25CAC160A6DA92AF5A55255A96AD556551F4A49A0CF15A03EC0438190865E482021147221409310B6900B3826B1FB7F7366CEFC73E6
310
1CAFBDDE3D9B07D8FF3F73CEF7DFE6FB67E6ECBA757EA3143929F767A4FCCE8636299AA49C90529036BB402C105929F279912F89C6DEAF6FD8BC69AB14A46C51EAC2B9898909BA39945F872C1FCD848A834A91A13B1AD51D6D5266E8A9FAF627E9AABE92BD45CA6F03BD81A3CFC24D59D990C96408C7E066656E0232E13A03
310
14B0AB01724443F05CC3F08780DFC8F19B03FC710A073DC8486413411B49060E3311A05C24C45064703B01D7CCE196A818E5C59C9268B967CBD6DED68ED59DC52EEB78BEF08E09F8223D745649346F1DE9DB35D0B777C089FC5FC3C8EB60BF1A286CF47FE3467F17CC59C5CD990B0CD948C1A77FB9F5CA0E4F479188EA541E
310
3C25A2E22BC99C8892456878B2821857F6B05492C2AD881B41409C21325211340605C9C6DC6006EC49AC088A0CCBB25B1159B72248E415019155047D5453031360047082A7405D92B72AB0F03379693EAB50870260AC609E2C6F6510BB3D081DFE4EF5EFECD71494A7B3590EC7F12C5B25CB32539229914732934ECE22AF1D
310
D259AC8B7B7649E437DE7BDFA69EADF76EE95186E95A7ED74C032DBFA66A9BF1CEF341B19B78E45DDED9EF56FE29189043E4814BF734E1FF34659991678231F23A51010DA578E8294D435524988818E84710A7B2643B4F7C134F5CC6936D1E4176D01398C4D0A83AE0A6BDC86B0BB5C3E1E8299D70A5A945AC12322FE697C4
310
9C8DC3BBBE34D2BA77FBEEA1BEFEED79D15C120DF70F0FEE1A093EF60C8FF47F4BCAB3B0ED666EDB17F5733E2B445B5E2C298985C507BB8BEBBA3A3A3774178B1D777FA5B36B9D327BBE1ED84C030BC74C9EDAB5B64D88BC405AEF1E1CD9D73A34B88F70838775AD5DDBD1B9B6BBABBB73A0ABA37F5D7BE0E757F57D1DB80F
310
037BFBB60D6D6F1DDED1DA3B3CB47D6FDF2EF8A0AD5933506CEF2FF6F7ADD9D6B56D5DFF9A60D6A95222FF670B51F8295953F8455019945B7EE9315C7A8AFEC352DE9D4B4A5050256AA6D1B42D5F0C265BEED4473538E9811F770DEFDCDD3732B86D706870E4A1D69DC303E45F6349C807B6EFCB8B8692103DC352AE816545
310
9E9E798813B5E9A692C86DD9B1A355A5424F8E0BF018466AF90D150136590E2905AA568F782650907D5A7180140B84AD0159F8156902B8F63BDA8BE1A72E29AF48322EA98B5F578631B6F5489B26184C63434803DB221A328E6B58DEAED6DB808FEB6DC068BD0DF8A4DE065CABB7018B3045EB390B3EAD7704C6EA6DC07518
310
10B79C17773A0DB6C361F03BDD064B22C8C7303844629E5064B47323116EB9039777E096BB70247238880C6E39831B9F221C81B3E543C57019D4736C30574EE2DD4AD73B12B9771099772B997713E97A974DF4CECD5D9582B938116EC00926492C777A7F676A8F441E4C882C98032C983211AE26DE8974E196022EC7174366
310
F9AE62C95769E105B5C4B012E2E82ED8CD3516C5E34D519CF0D1F6765A8551C6CC0505130A3E8ABEC46EF81CED54DC1DA04AB7BC4DB0CA082453194AB29B82400C2B438BA6322032B88FE093B3E13470C11297490C8EEF78E88158D51A8AD42283A38F61044E78707A57F8BBDFE2DF2167F36975041D1DA7FCF59430C35792
310
05112533A905D5D3CAAB4759DBB4CA160F3E9309466F934A1794E7E1154C402D3088858048DCDF7EA3E7FECD5B7A7B376D5480CBF43A7E5E49CCBE6BEB37D945B2402FC65F52AB73B67E7F3A58AE93F37A04F6B7011D680556EBCCA2819BC8A21C320F385BBDB4EE56E6E32CE2CB18E358AD7676B4C7C096B1674BAF7B1278
310
1E906198B0DF8681EA696AF34D20563061CAB731C0DB01185B8B0DCA46538BD880EB0E2C6FC3120B40E62289BC162112587895C11513E18290E892090EBF46A9321968C513E0BB89A0AE8F2431B88A7DFC9E07A7BD0A8E668E3AF3CDEA083A3A8ECFB770A00AB53712018F2859D8DB3D93C2E4D422CB77A40BB73A5DB807A7
310
0857A5727AC8838BE45965D0D3D5B29CBEEF99145F4E558AC0C3E9C23D922EDC0FD285FBA107E7958EEDE721E98018A3E3AAC64E7F5C166D7ABA81B65C437BB31D766C74A6ED6E1FBC2766B7AFDAD87156F9771BF44A2A724C461AB43EE729AAFB710D63E2111810BBA3ABC9AE6037E09AB9BF3AB40BE8309F8736AB64CAB2
310
BE7E3364E5AC569CA6976081AF5A311628A8EF68C5B3A4609E3E86AC3AA156E3E83562F4B5A292099A878C61EB3B549CF92354989982613F016CE7AD5A4D09AA1F5126387AAD451EE384D9C035A925859E39C1AA865EE9A9B8DA21CEE289167F7CF1D4C4BC7A125EC5AED5D8BB0B5A9D9144D134CFA71BF85A8D44BE568348
310
F6AA55A2F3CAEACF6982FD29118CC249D3CBF852A586F278BA70FBD3853B90085793EDE51E143F0AD06C6B4CB2242BDDBDD1419166C2865E85F9CE1648F3CBF54B2E655D5432557AB8C599EEE6E763403914E55050D879E2BFFA30F366F009F0CB378371CA9B99D05949929DD07465EA8797A3808B6B06B9536E64AF9C844C
310
903AF2F3709D3783A318A078E4F37AEBBCEC2DD1B228B722F785DC2DB9D64C476675A63353CC74E937B1FA39BFA7DB58A6AFC19E49583A4A9B6110A6BA038D3C80418F79D091B18A763C1D8524AA5361F194EC4CC4B23EDBA3192533E95398E41423EB6DCA1C239B4DBF91D13F6D762A6897D7013D496371DC8BECCAA7D45E
310
0C251095ABC98AA38E1B6540CD3DACF829EF15C38D27C2B92DA64A071D13897001094F16523EC1C9E5A99FF465029665AB5B13C49AF8984D174EA40B273D389D33BB29A272F6749622C2719C22AC925104534E7A8CF33714555C6B3CF3BE4BE0AF28994CA9B8353E0F28878DD26D8D2F007FBAAD11BD305CEB4EAB35BE08B8
310
B8D678FEB81BD9134AB6ADF10A644BBEF9C2334A81E4EAA6772450D87DD2AF49C178F020A0EBD3055FF292CC5B8AB3FC4114C86BA708ACDB15F49C43C04EBBE7FCBD0CA8A1CB2AF59CC3897035E1E39713E16AD873FE91085A131FFF19C04DBEDBF8D75406FD3B3A2842E56C8ABE82A171BC3BF89ECB0E0F287926BC7B0450
310
75E4DDA3C09F2EEF56BE2579157071BCBBE7881BD93E255BDE7D04B225A07C61BD5230DE1DBA8C1158736B225E412358525F03747D78F79897E472BCCBAF5BAF2BA0DDE3804E9B765F2F035A65DA3D910857134A7A2311AE52DA8D6E0E9C1341735A873DD47F12A16BE2E99BE9C275792B70532835F1AEDB838B7404B509F7
310
74C449519D9AA19EB28205FF5B08785CE3F9307262735AC933693C270155C7C6730AF8E9359ED3808B6B3CA387DDC6734EC9B6F1C897238DE72006D89713F9C2E58B91C6F3388D608DE70CA0A7DA7866D30F8008DC16BEAA2D26A2AAB848F4108A0CF46D0F54D7A73989E2C56D75B6B8431D2F6EAB64C5CD94644C04869974
310
1626C5B6A280378D1BEE62BCE2C3917700E714386FAA719B1D7E7D464DF7DD444F8317374E8CAA75BEF65E19D0F8F0523EC21D7470DCC60B8CAEF29753FC38EF4760CFDBF99B4673F680D0869F6742513F06849341B61DF57EE3400A02734628D75C0DBC8B68A868B98655ECA330208EA3C6F1B52E3DF1E8849E2433679564
310
431A886148B568E62C4406F75F64308EFD2F9D7039EA6D259B5B2BF91AD8396F72B01004EFC5CD6C88F911E8CCDF849C077E5C64E9488747967101058B73015D99FA9B900B808B63FFB117DCC85E50324556799F2F34BC086EC70CD18A4318C0D9FF2AB6807CDB718046B0A4BE0FE8B4D9FFA207EA504E3D7E65FA014C7226
310
B329B0E8D703AAFEBAA304E869379E693123CD68457958A4FF2F11AE86ECFF6119D078F6E7138AD87FF2370F86D6E1E34789702D76FED2134932CCA824CB8C811832A3160D33426421BD940847AF6F0C11D33DEECB1CFE9B7175D1F926045DE5BD8DBFBDBE9C081764D0049324E6DDB40A8607F34A225C4D16463974B5B836
310
F3B3A32E193EACE499B49986C93A780A6DA631A981D7A6CD34012EAECDFCF23937B23F51B26D337F80CCDBCC36A5C0ECD07DE7E7A7236D663D8D6033A419D0536D33E07F56B8C4CA7C0D48229F9610695A461A0883CE7B494E8DD95B004DF38E8247AB09FE45AC1A52EDAC32A0861DD8DA85D8A76276989D08579353913989
310
700119397510D9BB4CAB9DF096393711B4263ECE4B176E7EBA700B3C389DB3F0B5335AA6A7234288EA142D784A9083AFB414616018456CF64C3293C4CD2F49D3E5A5F0410CEE3E0F2E6A6FEA11580893E29AEE529C2FC11C4DF48D4AA628982DB44A422820F8563073C8F989CF2240392BED74F7768B819FDEDE6E09E0E29A
310
EE0AFA030B3CB273954C91D5916E83CC9BEE074FAB1E6B73B11CFB6CBEB73B4C23589D2D05F4CC9AAE2E4C768646F0614DBB4BD40606BDCC4B726A4DF72640A7DD749797013521AB4ED3C5971C1BF2225712D922FD192CAA82F186C253F467B664EED8B163100EA1787299890C1D4314EEF90B040C236113FD72905624B8F0
310
99FF03A92412CEF64B0000
  0
DICTIONARY
  5
25D
330
1FD
100
AcDbDictionary
280
     1
281
     1
  3
ACAD_ROUNDTRIP_2008_TABLESTYLE_CELLSTYLEMAP
360
25E
  0
CELLSTYLEMAP
  5
25E
102
{ACAD_REACTORS
330
25D
102
}
330
25D
100
AcDbCellStyleMap
 90
        3
300
CELLSTYLE
  1
TABLEFORMAT_BEGIN
 90
        5
170
     1
 91
        0
 92
        0
 62
   257
 93
        1
300
CONTENTFORMAT
  1
CONTENTFORMAT_BEGIN
 90
        0
 91
        0
 92
        4
 93
        0
300

 40
0.0
140
1.0
 94
        5
 62
     0
340
29
144
6.0
309
CONTENTFORMAT_END
171
     1
301
MARGIN
  1
CELLMARGIN_BEGIN
 40
1.5
 40
1.5
 40
1.5
 40
1.5
 40
4.5
 40
4.5
309
CELLMARGIN_END
 94
        6
 95
        1
302
GRIDFORMAT
  1
GRIDFORMAT_BEGIN
 90
        0
 91
        1
 62
     0
 92
       -2
340
24
 93
        0
 40
1.125
309
GRIDFORMAT_END
 95
        2
302
GRIDFORMAT
  1
GRIDFORMAT_BEGIN
 90
        0
 91
        1
 62
     0
 92
       -2
340
24
 93
        0
 40
1.125
309
GRIDFORMAT_END
 95
        4
302
GRIDFORMAT
  1
GRIDFORMAT_BEGIN
 90
        0
 91
        1
 62
     0
 92
       -2
340
24
 93
        0
 40
1.125
309
GRIDFORMAT_END
 95
        8
302
GRIDFORMAT
  1
GRIDFORMAT_BEGIN
 90
        0
 91
        1
 62
     0
 92
       -2
340
24
 93
        0
 40
1.125
309
GRIDFORMAT_END
 95
       16
302
GRIDFORMAT
  1
GRIDFORMAT_BEGIN
 90
        0
 91
        1
 62
     0
 92
       -2
340
24
 93
        0
 40
1.125
309
GRIDFORMAT_END
 95
       32
302
GRIDFORMAT
  1
GRIDFORMAT_BEGIN
 90
        0
 91
        1
 62
     0
 92
       -2
340
24
 93
        0
 40
1.125
309
GRIDFORMAT_END
309
TABLEFORMAT_END
  1
CELLSTYLE_BEGIN
 90
        1
 91
        1
300
_TITLE
309
CELLSTYLE_END
300
CELLSTYLE
  1
TABLEFORMAT_BEGIN
 90
        5
170
     1
 91
        0
 92
        0
 62
   257
 93
        1
300
CONTENTFORMAT
  1
CONTENTFORMAT_BEGIN
 90
        0
 91
        0
 92
        4
 93
        0
300

 40
0.0
140
1.0
 94
        5
 62
     0
340
29
144
4.5
309
CONTENTFORMAT_END
171
     1
301
MARGIN
  1
CELLMARGIN_BEGIN
 40
1.5
 40
1.5
 40
1.5
 40
1.5
 40
4.5
 40
4.5
309
CELLMARGIN_END
 94
        6
 95
        1
302
GRIDFORMAT
  1
GRIDFORMAT_BEGIN
 90
        0
 91
        1
 62
     0
 92
       -2
340
24
 93
        0
 40
1.125
309
GRIDFORMAT_END
 95
        2
302
GRIDFORMAT
  1
GRIDFORMAT_BEGIN
 90
        0
 91
        1
 62
     0
 92
       -2
340
24
 93
        0
 40
1.125
309
GRIDFORMAT_END
 95
        4
302
GRIDFORMAT
  1
GRIDFORMAT_BEGIN
 90
        0
 91
        1
 62
     0
 92
       -2
340
24
 93
        0
 40
1.125
309
GRIDFORMAT_END
 95
        8
302
GRIDFORMAT
  1
GRIDFORMAT_BEGIN
 90
        0
 91
        1
 62
     0
 92
       -2
340
24
 93
        0
 40
1.125
309
GRIDFORMAT_END
 95
       16
302
GRIDFORMAT
  1
GRIDFORMAT_BEGIN
 90
        0
 91
        1
 62
     0
 92
       -2
340
24
 93
        0
 40
1.125
309
GRIDFORMAT_END
 95
       32
302
GRIDFORMAT
  1
GRIDFORMAT_BEGIN
 90
        0
 91
        1
 62
     0
 92
       -2
340
24
 93
        0
 40
1.125
309
GRIDFORMAT_END
309
TABLEFORMAT_END
  1
CELLSTYLE_BEGIN
 90
        2
 91
        1
300
_HEADER
309
CELLSTYLE_END
300
CELLSTYLE
  1
TABLEFORMAT_BEGIN
 90
        5
170
     1
 91
        0
 92
        0
 62
   257
 93
        1
300
CONTENTFORMAT
  1
CONTENTFORMAT_BEGIN
 90
        0
 91
        0
 92
        4
 93
        0
300

 40
0.0
140
1.0
 94
        2
 62
     0
340
29
144
4.5
309
CONTENTFORMAT_END
171
     1
301
MARGIN
  1
CELLMARGIN_BEGIN
 40
1.5
 40
1.5
 40
1.5
 40
1.5
 40
4.5
 40
4.5
309
CELLMARGIN_END
 94
        6
 95
        1
302
GRIDFORMAT
  1
GRIDFORMAT_BEGIN
 90
        0
 91
        1
 62
     0
 92
       -2
340
24
 93
        0
 40
1.125
309
GRIDFORMAT_END
 95
        2
302
GRIDFORMAT
  1
GRIDFORMAT_BEGIN
 90
        0
 91
        1
 62
     0
 92
       -2
340
24
 93
        0
 40
1.125
309
GRIDFORMAT_END
 95
        4
302
GRIDFORMAT
  1
GRIDFORMAT_BEGIN
 90
        0
 91
        1
 62
     0
 92
       -2
340
24
 93
        0
 40
1.125
309
GRIDFORMAT_END
 95
        8
302
GRIDFORMAT
  1
GRIDFORMAT_BEGIN
 90
        0
 91
        1
 62
     0
 92
       -2
340
24
 93
        0
 40
1.125
309
GRIDFORMAT_END
 95
       16
302
GRIDFORMAT
  1
GRIDFORMAT_BEGIN
 90
        0
 91
        1
 62
     0
 92
       -2
340
24
 93
        0
 40
1.125
309
GRIDFORMAT_END
 95
       32
302
GRIDFORMAT
  1
GRIDFORMAT_BEGIN
 90
        0
 91
        1
 62
     0
 92
       -2
340
24
 93
        0
 40
1.125
309
GRIDFORMAT_END
309
TABLEFORMAT_END
  1
CELLSTYLE_BEGIN
 90
        3
 91
        2
300
_DATA
309
CELLSTYLE_END
  0
ENDSEC
  0
EOF
